timestamp,phase_A_voltage,phase_B_voltage,phase_C_voltage,line_current,frequency,power_factor,thd_percent
0,0,281.4582562,-281.4582562,3,50,0.95,2
0.0002,20.40691885,270.6994032,-291.1063221,3.03139526,50.00006283,0.950012566,2.000188496
0.0004,40.73330091,258.8722234,-299.6055243,3.062666617,50.00012566,0.950025133,2.000376991
0.0006,60.89892724,246.0233931,-306.9223203,3.093690657,50.0001885,0.950037699,2.000565487
0.0008,80.82421333,232.2036209,-313.0278342,3.124344944,50.00025133,0.950050265,2.000753982
0.001,100.4305232,217.4674471,-317.8979702,3.154508497,50.00031416,0.950062832,2.000942477
0.0012,119.6404796,201.8730286,-321.5135082,3.184062276,50.00037699,0.950075398,2.001130972
0.0014,138.3782698,185.4819095,-323.8601793,3.212889646,50.00043982,0.950087964,2.001319467
0.0016,156.5699441,168.358778,-324.9287221,3.240876837,50.00050265,0.950100531,2.001507962
0.0018,174.1437084,150.5712114,-324.7149198,3.267913397,50.00056547,0.950113097,2.001696457
0.002,191.030207,132.189409,-323.219616,3.293892626,50.0006283,0.950125663,2.001884951
0.0022,207.1627967,113.2859154,-320.448712,3.318711995,50.00069113,0.950138229,2.002073445
0.0024,222.4778094,93.93533401,-316.4131434,3.342273553,50.00075395,0.950150795,2.002261939
0.0026,236.9148039,74.21403279,-311.1288367,3.364484314,50.00081678,0.950163361,2.002450432
0.0028,250.4168039,54.19984268,-304.6166466,3.385256621,50.0008796,0.950175927,2.002638926
0.003,262.9305232,33.97175056,-296.9022737,3.404508497,50.00094242,0.950188493,2.002827418
0.0032,274.4065758,13.60958746,-288.0161633,3.422163963,50.00100524,0.950201059,2.003015911
0.0034,284.799671,-6.806286462,-277.9933846,3.43815334,50.00106806,0.950213624,2.003204403
0.0036,294.0687921,-27.19529908,-266.873493,3.452413526,50.00113088,0.95022619,2.003392894
0.0038,302.1773579,-47.47698428,-254.7003736,3.464888243,50.00119369,0.950238755,2.003581385
0.004,309.0933678,-67.57129952,-241.5220683,3.475528258,50.0012565,0.950251321,2.003769875
0.0042,314.7895274,-87.3989417,-227.3905857,3.484291581,50.00131932,0.950263886,2.003958365
0.0044,319.2433565,-106.8816602,-212.3616963,3.491143625,50.00138212,0.950276451,2.004146855
0.0046,322.4372779,-125.9425656,-196.4947123,3.496057351,50.00144493,0.950289016,2.004335344
0.0048,324.3586867,-144.5064332,-179.8522535,3.499013364,50.00150774,0.950301581,2.004523832
0.005,325,-162.5,-162.5,3.5,50.00157054,0.950314146,2.004712319
0.0052,324.3586867,-179.8522535,-144.5064332,3.499013364,50.00163334,0.950326711,2.004900806
0.0054,322.4372779,-196.4947123,-125.9425656,3.496057351,50.00169613,0.950339276,2.005089292
0.0056,319.2433565,-212.3616963,-106.8816602,3.491143625,50.00175893,0.95035184,2.005277778
0.0058,314.7895274,-227.3905857,-87.3989417,3.484291581,50.00182172,0.950364405,2.005466262
0.006,309.0933678,-241.5220683,-67.57129952,3.475528258,50.00188451,0.950376969,2.005654746
0.0062,302.1773579,-254.7003736,-47.47698428,3.464888243,50.00194729,0.950389533,2.005843229
0.0064,294.0687921,-266.873493,-27.19529908,3.452413526,50.00201008,0.950402097,2.006031712
0.0066,284.799671,-277.9933846,-6.806286462,3.43815334,50.00207286,0.950414661,2.006220193
0.0068,274.4065758,-288.0161633,13.60958746,3.422163963,50.00213563,0.950427224,2.006408674
0.007,262.9305232,-296.9022737,33.97175056,3.404508497,50.00219841,0.950439788,2.006597153
0.0072,250.4168039,-304.6166466,54.19984268,3.385256621,50.00226118,0.950452351,2.006785632
0.0074,236.9148039,-311.1288367,74.21403279,3.364484314,50.00232394,0.950464914,2.00697411
0.0076,222.4778094,-316.4131434,93.93533401,3.342273553,50.0023867,0.950477477,2.007162586
0.0078,207.1627967,-320.448712,113.2859154,3.318711995,50.00244946,0.950490039,2.007351062
0.008,191.030207,-323.219616,132.189409,3.293892626,50.00251222,0.950502602,2.007539537
0.0082,174.1437084,-324.7149198,150.5712114,3.267913397,50.00257497,0.950515164,2.00772801
0.0084,156.5699441,-324.9287221,168.358778,3.240876837,50.00263771,0.950527726,2.007916483
0.0086,138.3782698,-323.8601793,185.4819095,3.212889646,50.00270046,0.950540288,2.008104954
0.0088,119.6404796,-321.5135082,201.8730286,3.184062276,50.00276319,0.95055285,2.008293424
0.009,100.4305232,-317.8979702,217.4674471,3.154508497,50.00282593,0.950565411,2.008481893
0.0092,80.82421333,-313.0278342,232.2036209,3.124344944,50.00288866,0.950577973,2.008670361
0.0094,60.89892724,-306.9223203,246.0233931,3.093690657,50.00295138,0.950590534,2.008858828
0.0096,40.73330091,-299.6055243,258.8722234,3.062666617,50.0030141,0.950603094,2.009047293
0.0098,20.40691885,-291.1063221,270.6994032,3.03139526,50.00307682,0.950615655,2.009235757
0.01,3.98E-14,-281.4582562,281.4582562,3,50.00313953,0.950628215,2.00942422
0.0102,-20.40691885,-270.6994032,291.1063221,2.96860474,50.00320223,0.950640775,2.009612681
0.0104,-40.73330091,-258.8722234,299.6055243,2.937333383,50.00326493,0.950653335,2.009801141
0.0106,-60.89892724,-246.0233931,306.9223203,2.906309343,50.00332763,0.950665895,2.0099896
0.0108,-80.82421333,-232.2036209,313.0278342,2.875655056,50.00339032,0.950678454,2.010178057
0.011,-100.4305232,-217.4674471,317.8979702,2.845491503,50.003453,0.950691013,2.010366513
0.0112,-119.6404796,-201.8730286,321.5135082,2.815937724,50.00351568,0.950703572,2.010554967
0.0114,-138.3782698,-185.4819095,323.8601793,2.787110354,50.00357835,0.95071613,2.01074342
0.0116,-156.5699441,-168.358778,324.9287221,2.759123163,50.00364102,0.950728688,2.010931871
0.0118,-174.1437084,-150.5712114,324.7149198,2.732086603,50.00370368,0.950741246,2.011120321
0.012,-191.030207,-132.189409,323.219616,2.706107374,50.00376634,0.950753804,2.011308769
0.0122,-207.1627967,-113.2859154,320.448712,2.681288005,50.00382899,0.950766361,2.011497216
0.0124,-222.4778094,-93.93533401,316.4131434,2.657726447,50.00389163,0.950778918,2.011685661
0.0126,-236.9148039,-74.21403279,311.1288367,2.635515686,50.00395427,0.950791475,2.011874104
0.0128,-250.4168039,-54.19984268,304.6166466,2.614743379,50.00401691,0.950804031,2.012062545
0.013,-262.9305232,-33.97175056,296.9022737,2.595491503,50.00407953,0.950816587,2.012250985
0.0132,-274.4065758,-13.60958746,288.0161633,2.577836037,50.00414215,0.950829143,2.012439423
0.0134,-284.799671,6.806286462,277.9933846,2.56184666,50.00420476,0.950841698,2.01262786
0.0136,-294.0687921,27.19529908,266.873493,2.547586474,50.00426737,0.950854253,2.012816294
0.0138,-302.1773579,47.47698428,254.7003736,2.535111757,50.00432997,0.950866808,2.013004727
0.014,-309.0933678,67.57129952,241.5220683,2.524471742,50.00439256,0.950879362,2.013193158
0.0142,-314.7895274,87.3989417,227.3905857,2.515708419,50.00445515,0.950891916,2.013381587
0.0144,-319.2433565,106.8816602,212.3616963,2.508856375,50.00451772,0.95090447,2.013570014
0.0146,-322.4372779,125.9425656,196.4947123,2.503942649,50.00458029,0.950917023,2.013758439
0.0148,-324.3586867,144.5064332,179.8522535,2.500986636,50.00464286,0.950929576,2.013946862
0.015,-325,162.5,162.5,2.5,50.00470542,0.950942129,2.014135283
0.0152,-324.3586867,179.8522535,144.5064332,2.500986636,50.00476796,0.950954681,2.014323703
0.0154,-322.4372779,196.4947123,125.9425656,2.503942649,50.00483051,0.950967233,2.01451212
0.0156,-319.2433565,212.3616963,106.8816602,2.508856375,50.00489304,0.950979785,2.014700535
0.0158,-314.7895274,227.3905857,87.3989417,2.515708419,50.00495557,0.950992336,2.014888948
0.016,-309.0933678,241.5220683,67.57129952,2.524471742,50.00501809,0.951004886,2.015077359
0.0162,-302.1773579,254.7003736,47.47698428,2.535111757,50.0050806,0.951017437,2.015265768
0.0164,-294.0687921,266.873493,27.19529908,2.547586474,50.0051431,0.951029987,2.015454174
0.0166,-284.799671,277.9933846,6.806286462,2.56184666,50.00520559,0.951042536,2.015642579
0.0168,-274.4065758,288.0161633,-13.60958746,2.577836037,50.00526808,0.951055085,2.015830981
0.017,-262.9305232,296.9022737,-33.97175056,2.595491503,50.00533056,0.951067634,2.016019381
0.0172,-250.4168039,304.6166466,-54.19984268,2.614743379,50.00539303,0.951080182,2.016207778
0.0174,-236.9148039,311.1288367,-74.21403279,2.635515686,50.00545549,0.95109273,2.016396174
0.0176,-222.4778094,316.4131434,-93.93533401,2.657726447,50.00551794,0.951105277,2.016584567
0.0178,-207.1627967,320.448712,-113.2859154,2.681288005,50.00558038,0.951117824,2.016772957
0.018,-191.030207,323.219616,-132.189409,2.706107374,50.00564282,0.951130371,2.016961346
0.0182,-174.1437084,324.7149198,-150.5712114,2.732086603,50.00570525,0.951142917,2.017149731
0.0184,-156.5699441,324.9287221,-168.358778,2.759123163,50.00576766,0.951155462,2.017338115
0.0186,-138.3782698,323.8601793,-185.4819095,2.787110354,50.00583007,0.951168008,2.017526496
0.0188,-119.6404796,321.5135082,-201.8730286,2.815937724,50.00589247,0.951180552,2.017714874
0.019,-100.4305232,317.8979702,-217.4674471,2.845491503,50.00595486,0.951193096,2.01790325
0.0192,-80.82421333,313.0278342,-232.2036209,2.875655056,50.00601724,0.95120564,2.018091624
0.0194,-60.89892724,306.9223203,-246.0233931,2.906309343,50.00607961,0.951218183,2.018279995
0.0196,-40.73330091,299.6055243,-258.8722234,2.937333383,50.00614197,0.951230726,2.018468363
0.0198,-20.40691885,291.1063221,-270.6994032,2.96860474,50.00620432,0.951243269,2.018656728
0.02,-7.96E-14,281.4582562,-281.4582562,3,50.00626666,0.95125581,2.018845091
0.0202,20.40691885,270.6994032,-291.1063221,3.03139526,50.00632899,0.951268352,2.019033452
0.0204,40.73330091,258.8722234,-299.6055243,3.062666617,50.00639131,0.951280893,2.019221809
0.0206,60.89892724,246.0233931,-306.9223203,3.093690657,50.00645363,0.951293433,2.019410164
0.0208,80.82421333,232.2036209,-313.0278342,3.124344944,50.00651593,0.951305973,2.019598516
0.021,100.4305232,217.4674471,-317.8979702,3.154508497,50.00657822,0.951318512,2.019786865
0.0212,119.6404796,201.8730286,-321.5135082,3.184062276,50.0066405,0.951331051,2.019975212
0.0214,138.3782698,185.4819095,-323.8601793,3.212889646,50.00670277,0.951343589,2.020163556
0.0216,156.5699441,168.358778,-324.9287221,3.240876837,50.00676503,0.951356127,2.020351896
0.0218,174.1437084,150.5712114,-324.7149198,3.267913397,50.00682728,0.951368664,2.020540234
0.022,191.030207,132.189409,-323.219616,3.293892626,50.00688951,0.951381201,2.020728569
0.0222,207.1627967,113.2859154,-320.448712,3.318711995,50.00695174,0.951393737,2.020916901
0.0224,222.4778094,93.93533401,-316.4131434,3.342273553,50.00701396,0.951406272,2.02110523
0.0226,236.9148039,74.21403279,-311.1288367,3.364484314,50.00707616,0.951418807,2.021293556
0.0228,250.4168039,54.19984268,-304.6166466,3.385256621,50.00713836,0.951431342,2.021481879
0.023,262.9305232,33.97175056,-296.9022737,3.404508497,50.00720054,0.951443875,2.021670199
0.0232,274.4065758,13.60958746,-288.0161633,3.422163963,50.00726271,0.951456409,2.021858516
0.0234,284.799671,-6.806286462,-277.9933846,3.43815334,50.00732487,0.951468941,2.02204683
0.0236,294.0687921,-27.19529908,-266.873493,3.452413526,50.00738702,0.951481474,2.022235141
0.0238,302.1773579,-47.47698428,-254.7003736,3.464888243,50.00744915,0.951494005,2.022423448
0.024,309.0933678,-67.57129952,-241.5220683,3.475528258,50.00751128,0.951506536,2.022611753
0.0242,314.7895274,-87.3989417,-227.3905857,3.484291581,50.00757339,0.951519066,2.022800054
0.0244,319.2433565,-106.8816602,-212.3616963,3.491143625,50.00763549,0.951531596,2.022988351
0.0246,322.4372779,-125.9425656,-196.4947123,3.496057351,50.00769758,0.951544125,2.023176646
0.0248,324.3586867,-144.5064332,-179.8522535,3.499013364,50.00775966,0.951556654,2.023364937
0.025,325,-162.5,-162.5,3.5,50.00782172,0.951569182,2.023553225
0.0252,324.3586867,-179.8522535,-144.5064332,3.499013364,50.00788378,0.951581709,2.02374151
0.0254,322.4372779,-196.4947123,-125.9425656,3.496057351,50.00794581,0.951594236,2.023929791
0.0256,319.2433565,-212.3616963,-106.8816602,3.491143625,50.00800784,0.951606762,2.024118069
0.0258,314.7895274,-227.3905857,-87.3989417,3.484291581,50.00806986,0.951619287,2.024306344
0.026,309.0933678,-241.5220683,-67.57129952,3.475528258,50.00813186,0.951631812,2.024494614
0.0262,302.1773579,-254.7003736,-47.47698428,3.464888243,50.00819385,0.951644336,2.024682882
0.0264,294.0687921,-266.873493,-27.19529908,3.452413526,50.00825582,0.95165686,2.024871146
0.0266,284.799671,-277.9933846,-6.806286462,3.43815334,50.00831779,0.951669383,2.025059406
0.0268,274.4065758,-288.0161633,13.60958746,3.422163963,50.00837974,0.951681905,2.025247663
0.027,262.9305232,-296.9022737,33.97175056,3.404508497,50.00844167,0.951694426,2.025435917
0.0272,250.4168039,-304.6166466,54.19984268,3.385256621,50.0085036,0.951706947,2.025624166
0.0274,236.9148039,-311.1288367,74.21403279,3.364484314,50.00856551,0.951719467,2.025812412
0.0276,222.4778094,-316.4131434,93.93533401,3.342273553,50.0086274,0.951731987,2.026000655
0.0278,207.1627967,-320.448712,113.2859154,3.318711995,50.00868928,0.951744506,2.026188893
0.028,191.030207,-323.219616,132.189409,3.293892626,50.00875115,0.951757024,2.026377128
0.0282,174.1437084,-324.7149198,150.5712114,3.267913397,50.00881301,0.951769541,2.02656536
0.0284,156.5699441,-324.9287221,168.358778,3.240876837,50.00887485,0.951782058,2.026753587
0.0286,138.3782698,-323.8601793,185.4819095,3.212889646,50.00893668,0.951794574,2.026941811
0.0288,119.6404796,-321.5135082,201.8730286,3.184062276,50.00899849,0.951807089,2.02713003
0.029,100.4305232,-317.8979702,217.4674471,3.154508497,50.00906029,0.951819604,2.027318246
0.0292,80.82421333,-313.0278342,232.2036209,3.124344944,50.00912207,0.951832118,2.027506458
0.0294,60.89892724,-306.9223203,246.0233931,3.093690657,50.00918384,0.951844631,2.027694667
0.0296,40.73330091,-299.6055243,258.8722234,3.062666617,50.0092456,0.951857144,2.027882871
0.0298,20.40691885,-291.1063221,270.6994032,3.03139526,50.00930734,0.951869655,2.028071071
0.03,-4.58E-13,-281.4582562,281.4582562,3,50.00936907,0.951882166,2.028259267
0.0302,-20.40691885,-270.6994032,291.1063221,2.96860474,50.00943078,0.951894676,2.028447459
0.0304,-40.73330091,-258.8722234,299.6055243,2.937333383,50.00949247,0.951907186,2.028635648
0.0306,-60.89892724,-246.0233931,306.9223203,2.906309343,50.00955416,0.951919695,2.028823832
0.0308,-80.82421333,-232.2036209,313.0278342,2.875655056,50.00961582,0.951932203,2.029012012
0.031,-100.4305232,-217.4674471,317.8979702,2.845491503,50.00967747,0.95194471,2.029200188
0.0312,-119.6404796,-201.8730286,321.5135082,2.815937724,50.00973911,0.951957216,2.02938836
0.0314,-138.3782698,-185.4819095,323.8601793,2.787110354,50.00980073,0.951969722,2.029576527
0.0316,-156.5699441,-168.358778,324.9287221,2.759123163,50.00986234,0.951982227,2.029764691
0.0318,-174.1437084,-150.5712114,324.7149198,2.732086603,50.00992393,0.951994731,2.02995285
0.032,-191.030207,-132.189409,323.219616,2.706107374,50.0099855,0.952007234,2.030141005
0.0322,-207.1627967,-113.2859154,320.448712,2.681288005,50.01004706,0.952019737,2.030329155
0.0324,-222.4778094,-93.93533401,316.4131434,2.657726447,50.0101086,0.952032239,2.030517301
0.0326,-236.9148039,-74.21403279,311.1288367,2.635515686,50.01017013,0.952044739,2.030705443
0.0328,-250.4168039,-54.19984268,304.6166466,2.614743379,50.01023164,0.95205724,2.030893581
0.033,-262.9305232,-33.97175056,296.9022737,2.595491503,50.01029313,0.952069739,2.031081714
0.0332,-274.4065758,-13.60958746,288.0161633,2.577836037,50.01035461,0.952082237,2.031269843
0.0334,-284.799671,6.806286462,277.9933846,2.56184666,50.01041607,0.952094735,2.031457967
0.0336,-294.0687921,27.19529908,266.873493,2.547586474,50.01047752,0.952107232,2.031646087
0.0338,-302.1773579,47.47698428,254.7003736,2.535111757,50.01053894,0.952119728,2.031834203
0.034,-309.0933678,67.57129952,241.5220683,2.524471742,50.01060036,0.952132223,2.032022313
0.0342,-314.7895274,87.3989417,227.3905857,2.515708419,50.01066175,0.952144717,2.03221042
0.0344,-319.2433565,106.8816602,212.3616963,2.508856375,50.01072313,0.952157211,2.032398522
0.0346,-322.4372779,125.9425656,196.4947123,2.503942649,50.01078449,0.952169704,2.032586619
0.0348,-324.3586867,144.5064332,179.8522535,2.500986636,50.01084583,0.952182195,2.032774711
0.035,-325,162.5,162.5,2.5,50.01090716,0.952194686,2.032962799
0.0352,-324.3586867,179.8522535,144.5064332,2.500986636,50.01096847,0.952207176,2.033150882
0.0354,-322.4372779,196.4947123,125.9425656,2.503942649,50.01102976,0.952219665,2.033338961
0.0356,-319.2433565,212.3616963,106.8816602,2.508856375,50.01109104,0.952232154,2.033527034
0.0358,-314.7895274,227.3905857,87.3989417,2.515708419,50.0111523,0.952244641,2.033715103
0.036,-309.0933678,241.5220683,67.57129952,2.524471742,50.01121354,0.952257128,2.033903167
0.0362,-302.1773579,254.7003736,47.47698428,2.535111757,50.01127476,0.952269613,2.034091227
0.0364,-294.0687921,266.873493,27.19529908,2.547586474,50.01133597,0.952282098,2.034279281
0.0366,-284.799671,277.9933846,6.806286462,2.56184666,50.01139715,0.952294582,2.034467331
0.0368,-274.4065758,288.0161633,-13.60958746,2.577836037,50.01145832,0.952307065,2.034655375
0.037,-262.9305232,296.9022737,-33.97175056,2.595491503,50.01151947,0.952319547,2.034843415
0.0372,-250.4168039,304.6166466,-54.19984268,2.614743379,50.0115806,0.952332028,2.03503145
0.0374,-236.9148039,311.1288367,-74.21403279,2.635515686,50.01164172,0.952344508,2.03521948
0.0376,-222.4778094,316.4131434,-93.93533401,2.657726447,50.01170281,0.952356987,2.035407505
0.0378,-207.1627967,320.448712,-113.2859154,2.681288005,50.01176389,0.952369466,2.035595525
0.038,-191.030207,323.219616,-132.189409,2.706107374,50.01182495,0.952381943,2.035783539
0.0382,-174.1437084,324.7149198,-150.5712114,2.732086603,50.01188599,0.95239442,2.035971549
0.0384,-156.5699441,324.9287221,-168.358778,2.759123163,50.01194701,0.952406895,2.036159554
0.0386,-138.3782698,323.8601793,-185.4819095,2.787110354,50.01200801,0.95241937,2.036347553
0.0388,-119.6404796,321.5135082,-201.8730286,2.815937724,50.012069,0.952431843,2.036535547
0.039,-100.4305232,317.8979702,-217.4674471,2.845491503,50.01212996,0.952444316,2.036723536
0.0392,-80.82421333,313.0278342,-232.2036209,2.875655056,50.01219091,0.952456788,2.03691152
0.0394,-60.89892724,306.9223203,-246.0233931,2.906309343,50.01225183,0.952469258,2.037099499
0.0396,-40.73330091,299.6055243,-258.8722234,2.937333383,50.01231274,0.952481728,2.037287472
0.0398,-20.40691885,291.1063221,-270.6994032,2.96860474,50.01237363,0.952494197,2.03747544
0.04,-1.59E-13,281.4582562,-281.4582562,3,50.01243449,0.952506665,2.037663403
0.0402,20.40691885,270.6994032,-291.1063221,3.03139526,50.01249534,0.952519131,2.03785136
0.0404,40.73330091,258.8722234,-299.6055243,3.062666617,50.01255617,0.952531597,2.038039312
0.0406,60.89892724,246.0233931,-306.9223203,3.093690657,50.01261698,0.952544062,2.038227259
0.0408,80.82421333,232.2036209,-313.0278342,3.124344944,50.01267777,0.952556526,2.0384152
0.041,100.4305232,217.4674471,-317.8979702,3.154508497,50.01273854,0.952568989,2.038603135
0.0412,119.6404796,201.8730286,-321.5135082,3.184062276,50.01279928,0.95258145,2.038791066
0.0414,138.3782698,185.4819095,-323.8601793,3.212889646,50.01286001,0.952593911,2.03897899
0.0416,156.5699441,168.358778,-324.9287221,3.240876837,50.01292072,0.952606371,2.039166909
0.0418,174.1437084,150.5712114,-324.7149198,3.267913397,50.01298141,0.95261883,2.039354823
0.042,191.030207,132.189409,-323.219616,3.293892626,50.01304208,0.952631287,2.039542731
0.0422,207.1627967,113.2859154,-320.448712,3.318711995,50.01310272,0.952643744,2.039730633
0.0424,222.4778094,93.93533401,-316.4131434,3.342273553,50.01316335,0.952656199,2.03991853
0.0426,236.9148039,74.21403279,-311.1288367,3.364484314,50.01322395,0.952668654,2.040106421
0.0428,250.4168039,54.19984268,-304.6166466,3.385256621,50.01328454,0.952681107,2.040294306
0.043,262.9305232,33.97175056,-296.9022737,3.404508497,50.0133451,0.95269356,2.040482186
0.0432,274.4065758,13.60958746,-288.0161633,3.422163963,50.01340564,0.952706011,2.04067006
0.0434,284.799671,-6.806286462,-277.9933846,3.43815334,50.01346616,0.952718461,2.040857928
0.0436,294.0687921,-27.19529908,-266.873493,3.452413526,50.01352666,0.952730911,2.04104579
0.0438,302.1773579,-47.47698428,-254.7003736,3.464888243,50.01358714,0.952743359,2.041233647
0.044,309.0933678,-67.57129952,-241.5220683,3.475528258,50.0136476,0.952755806,2.041421497
0.0442,314.7895274,-87.3989417,-227.3905857,3.484291581,50.01370803,0.952768252,2.041609342
0.0444,319.2433565,-106.8816602,-212.3616963,3.491143625,50.01376845,0.952780697,2.041797181
0.0446,322.4372779,-125.9425656,-196.4947123,3.496057351,50.01382884,0.95279314,2.041985013
0.0448,324.3586867,-144.5064332,-179.8522535,3.499013364,50.01388921,0.952805583,2.04217284
0.045,325,-162.5,-162.5,3.5,50.01394956,0.952818025,2.042360661
0.0452,324.3586867,-179.8522535,-144.5064332,3.499013364,50.01400988,0.952830465,2.042548476
0.0454,322.4372779,-196.4947123,-125.9425656,3.496057351,50.01407019,0.952842904,2.042736285
0.0456,319.2433565,-212.3616963,-106.8816602,3.491143625,50.01413047,0.952855343,2.042924087
0.0458,314.7895274,-227.3905857,-87.3989417,3.484291581,50.01419073,0.95286778,2.043111884
0.046,309.0933678,-241.5220683,-67.57129952,3.475528258,50.01425096,0.952880216,2.043299675
0.0462,302.1773579,-254.7003736,-47.47698428,3.464888243,50.01431118,0.95289265,2.043487459
0.0464,294.0687921,-266.873493,-27.19529908,3.452413526,50.01437137,0.952905084,2.043675237
0.0466,284.799671,-277.9933846,-6.806286462,3.43815334,50.01443154,0.952917517,2.043863009
0.0468,274.4065758,-288.0161633,13.60958746,3.422163963,50.01449168,0.952929948,2.044050775
0.047,262.9305232,-296.9022737,33.97175056,3.404508497,50.01455181,0.952942378,2.044238534
0.0472,250.4168039,-304.6166466,54.19984268,3.385256621,50.01461191,0.952954807,2.044426287
0.0474,236.9148039,-311.1288367,74.21403279,3.364484314,50.01467199,0.952967235,2.044614034
0.0476,222.4778094,-316.4131434,93.93533401,3.342273553,50.01473204,0.952979662,2.044801775
0.0478,207.1627967,-320.448712,113.2859154,3.318711995,50.01479207,0.952992087,2.044989509
0.048,191.030207,-323.219616,132.189409,3.293892626,50.01485208,0.953004512,2.045177237
0.0482,174.1437084,-324.7149198,150.5712114,3.267913397,50.01491206,0.953016935,2.045364958
0.0484,156.5699441,-324.9287221,168.358778,3.240876837,50.01497202,0.953029357,2.045552673
0.0486,138.3782698,-323.8601793,185.4819095,3.212889646,50.01503196,0.953041778,2.045740381
0.0488,119.6404796,-321.5135082,201.8730286,3.184062276,50.01509187,0.953054197,2.045928083
0.049,100.4305232,-317.8979702,217.4674471,3.154508497,50.01515176,0.953066616,2.046115779
0.0492,80.82421333,-313.0278342,232.2036209,3.124344944,50.01521163,0.953079033,2.046303467
0.0494,60.89892724,-306.9223203,246.0233931,3.093690657,50.01527147,0.953091449,2.04649115
0.0496,40.73330091,-299.6055243,258.8722234,3.062666617,50.01533129,0.953103864,2.046678825
0.0498,20.40691885,-291.1063221,270.6994032,3.03139526,50.01539108,0.953116277,2.046866494
0.05,-3.78E-13,-281.4582562,281.4582562,3,50.01545085,0.953128689,2.047054157
0.0502,-20.40691885,-270.6994032,291.1063221,2.96860474,50.01551059,0.9531411,2.047241812
0.0504,-40.73330091,-258.8722234,299.6055243,2.937333383,50.01557031,0.95315351,2.047429461
0.0506,-60.89892724,-246.0233931,306.9223203,2.906309343,50.01563001,0.953165919,2.047617103
0.0508,-80.82421333,-232.2036209,313.0278342,2.875655056,50.01568968,0.953178326,2.047804739
0.051,-100.4305232,-217.4674471,317.8979702,2.845491503,50.01574933,0.953190732,2.047992368
0.0512,-119.6404796,-201.8730286,321.5135082,2.815937724,50.01580895,0.953203137,2.048179989
0.0514,-138.3782698,-185.4819095,323.8601793,2.787110354,50.01586854,0.95321554,2.048367604
0.0516,-156.5699441,-168.358778,324.9287221,2.759123163,50.01592811,0.953227943,2.048555212
0.0518,-174.1437084,-150.5712114,324.7149198,2.732086603,50.01598766,0.953240344,2.048742814
0.052,-191.030207,-132.189409,323.219616,2.706107374,50.01604718,0.953252743,2.048930408
0.0522,-207.1627967,-113.2859154,320.448712,2.681288005,50.01610668,0.953265142,2.049117995
0.0524,-222.4778094,-93.93533401,316.4131434,2.657726447,50.01616615,0.953277539,2.049305576
0.0526,-236.9148039,-74.21403279,311.1288367,2.635515686,50.01622559,0.953289935,2.049493149
0.0528,-250.4168039,-54.19984268,304.6166466,2.614743379,50.01628501,0.953302329,2.049680715
0.053,-262.9305232,-33.97175056,296.9022737,2.595491503,50.0163444,0.953314722,2.049868274
0.0532,-274.4065758,-13.60958746,288.0161633,2.577836037,50.01640377,0.953327114,2.050055827
0.0534,-284.799671,6.806286462,277.9933846,2.56184666,50.01646311,0.953339505,2.050243372
0.0536,-294.0687921,27.19529908,266.873493,2.547586474,50.01652243,0.953351894,2.05043091
0.0538,-302.1773579,47.47698428,254.7003736,2.535111757,50.01658171,0.953364282,2.05061844
0.054,-309.0933678,67.57129952,241.5220683,2.524471742,50.01664098,0.953376669,2.050805964
0.0542,-314.7895274,87.3989417,227.3905857,2.515708419,50.01670021,0.953389054,2.05099348
0.0544,-319.2433565,106.8816602,212.3616963,2.508856375,50.01675942,0.953401438,2.051180989
0.0546,-322.4372779,125.9425656,196.4947123,2.503942649,50.01681861,0.953413821,2.051368491
0.0548,-324.3586867,144.5064332,179.8522535,2.500986636,50.01687777,0.953426202,2.051555985
0.055,-325,162.5,162.5,2.5,50.0169369,0.953438582,2.051743473
0.0552,-324.3586867,179.8522535,144.5064332,2.500986636,50.016996,0.953450961,2.051930952
0.0554,-322.4372779,196.4947123,125.9425656,2.503942649,50.01705508,0.953463338,2.052118425
0.0556,-319.2433565,212.3616963,106.8816602,2.508856375,50.01711413,0.953475714,2.05230589
0.0558,-314.7895274,227.3905857,87.3989417,2.515708419,50.01717315,0.953488088,2.052493347
0.056,-309.0933678,241.5220683,67.57129952,2.524471742,50.01723215,0.953500461,2.052680798
0.0562,-302.1773579,254.7003736,47.47698428,2.535111757,50.01729111,0.953512833,2.05286824
0.0564,-294.0687921,266.873493,27.19529908,2.547586474,50.01735006,0.953525203,2.053055675
0.0566,-284.799671,277.9933846,6.806286462,2.56184666,50.01740897,0.953537572,2.053243103
0.0568,-274.4065758,288.0161633,-13.60958746,2.577836037,50.01746786,0.95354994,2.053430523
0.057,-262.9305232,296.9022737,-33.97175056,2.595491503,50.01752672,0.953562306,2.053617935
0.0572,-250.4168039,304.6166466,-54.19984268,2.614743379,50.01758555,0.953574671,2.05380534
0.0574,-236.9148039,311.1288367,-74.21403279,2.635515686,50.01764435,0.953587034,2.053992737
0.0576,-222.4778094,316.4131434,-93.93533401,2.657726447,50.01770313,0.953599396,2.054180127
0.0578,-207.1627967,320.448712,-113.2859154,2.681288005,50.01776187,0.953611756,2.054367509
0.058,-191.030207,323.219616,-132.189409,2.706107374,50.01782059,0.953624115,2.054554883
0.0582,-174.1437084,324.7149198,-150.5712114,2.732086603,50.01787929,0.953636473,2.054742249
0.0584,-156.5699441,324.9287221,-168.358778,2.759123163,50.01793795,0.953648829,2.054929608
0.0586,-138.3782698,323.8601793,-185.4819095,2.787110354,50.01799658,0.953661184,2.055116958
0.0588,-119.6404796,321.5135082,-201.8730286,2.815937724,50.01805519,0.953673537,2.055304301
0.059,-100.4305232,317.8979702,-217.4674471,2.845491503,50.01811377,0.953685889,2.055491636
0.0592,-80.82421333,313.0278342,-232.2036209,2.875655056,50.01817232,0.953698239,2.055678963
0.0594,-60.89892724,306.9223203,-246.0233931,2.906309343,50.01823084,0.953710588,2.055866283
0.0596,-40.73330091,299.6055243,-258.8722234,2.937333383,50.01828933,0.953722936,2.056053594
0.0598,-20.40691885,291.1063221,-270.6994032,2.96860474,50.01834779,0.953735282,2.056240897
0.06,9.16E-13,281.4582562,-281.4582562,3,50.01840623,0.953747626,2.056428192
0.0602,20.40691885,270.6994032,-291.1063221,3.03139526,50.01846463,0.953759969,2.05661548
0.0604,40.73330091,258.8722234,-299.6055243,3.062666617,50.01852301,0.953772311,2.056802759
0.0606,60.89892724,246.0233931,-306.9223203,3.093690657,50.01858136,0.953784651,2.05699003
0.0608,80.82421333,232.2036209,-313.0278342,3.124344944,50.01863967,0.95379699,2.057177293
0.061,100.4305232,217.4674471,-317.8979702,3.154508497,50.01869796,0.953809327,2.057364548
0.0612,119.6404796,201.8730286,-321.5135082,3.184062276,50.01875622,0.953821662,2.057551795
0.0614,138.3782698,185.4819095,-323.8601793,3.212889646,50.01881445,0.953833996,2.057739034
0.0616,156.5699441,168.358778,-324.9287221,3.240876837,50.01887265,0.953846329,2.057926264
0.0618,174.1437084,150.5712114,-324.7149198,3.267913397,50.01893082,0.95385866,2.058113486
0.062,191.030207,132.189409,-323.219616,3.293892626,50.01898895,0.953870989,2.0583007
0.0622,207.1627967,113.2859154,-320.448712,3.318711995,50.01904706,0.953883317,2.058487906
0.0624,222.4778094,93.93533401,-316.4131434,3.342273553,50.01910514,0.953895644,2.058675103
0.0626,236.9148039,74.21403279,-311.1288367,3.364484314,50.01916319,0.953907969,2.058862292
0.0628,250.4168039,54.19984268,-304.6166466,3.385256621,50.01922121,0.953920292,2.059049473
0.063,262.9305232,33.97175056,-296.9022737,3.404508497,50.0192792,0.953932614,2.059236645
0.0632,274.4065758,13.60958746,-288.0161633,3.422163963,50.01933716,0.953944934,2.059423809
0.0634,284.799671,-6.806286462,-277.9933846,3.43815334,50.01939509,0.953957253,2.059610964
0.0636,294.0687921,-27.19529908,-266.873493,3.452413526,50.01945298,0.95396957,2.059798111
0.0638,302.1773579,-47.47698428,-254.7003736,3.464888243,50.01951085,0.953981886,2.05998525
0.064,309.0933678,-67.57129952,-241.5220683,3.475528258,50.01956868,0.9539942,2.060172379
0.0642,314.7895274,-87.3989417,-227.3905857,3.484291581,50.01962649,0.954006512,2.060359501
0.0644,319.2433565,-106.8816602,-212.3616963,3.491143625,50.01968426,0.954018823,2.060546613
0.0646,322.4372779,-125.9425656,-196.4947123,3.496057351,50.019742,0.954031132,2.060733718
0.0648,324.3586867,-144.5064332,-179.8522535,3.499013364,50.01979971,0.95404344,2.060920813
0.065,325,-162.5,-162.5,3.5,50.01985739,0.954055746,2.0611079
0.0652,324.3586867,-179.8522535,-144.5064332,3.499013364,50.01991504,0.95406805,2.061294978
0.0654,322.4372779,-196.4947123,-125.9425656,3.496057351,50.01997266,0.954080353,2.061482048
0.0656,319.2433565,-212.3616963,-106.8816602,3.491143625,50.02003025,0.954092655,2.061669108
0.0658,314.7895274,-227.3905857,-87.3989417,3.484291581,50.0200878,0.954104954,2.06185616
0.066,309.0933678,-241.5220683,-67.57129952,3.475528258,50.02014532,0.954117252,2.062043203
0.0662,302.1773579,-254.7003736,-47.47698428,3.464888243,50.02020281,0.954129549,2.062230238
0.0664,294.0687921,-266.873493,-27.19529908,3.452413526,50.02026027,0.954141843,2.062417263
0.0666,284.799671,-277.9933846,-6.806286462,3.43815334,50.0203177,0.954154136,2.06260428
0.0668,274.4065758,-288.0161633,13.60958746,3.422163963,50.02037509,0.954166428,2.062791288
0.067,262.9305232,-296.9022737,33.97175056,3.404508497,50.02043245,0.954178718,2.062978286
0.0672,250.4168039,-304.6166466,54.19984268,3.385256621,50.02048978,0.954191006,2.063165276
0.0674,236.9148039,-311.1288367,74.21403279,3.364484314,50.02054708,0.954203293,2.063352257
0.0676,222.4778094,-316.4131434,93.93533401,3.342273553,50.02060435,0.954215577,2.063539229
0.0678,207.1627967,-320.448712,113.2859154,3.318711995,50.02066158,0.954227861,2.063726192
0.068,191.030207,-323.219616,132.189409,3.293892626,50.02071878,0.954240142,2.063913146
0.0682,174.1437084,-324.7149198,150.5712114,3.267913397,50.02077595,0.954252422,2.06410009
0.0684,156.5699441,-324.9287221,168.358778,3.240876837,50.02083308,0.9542647,2.064287026
0.0686,138.3782698,-323.8601793,185.4819095,3.212889646,50.02089018,0.954276977,2.064473952
0.0688,119.6404796,-321.5135082,201.8730286,3.184062276,50.02094725,0.954289252,2.06466087
0.069,100.4305232,-317.8979702,217.4674471,3.154508497,50.02100429,0.954301525,2.064847778
0.0692,80.82421333,-313.0278342,232.2036209,3.124344944,50.02106129,0.954313796,2.065034677
0.0694,60.89892724,-306.9223203,246.0233931,3.093690657,50.02111826,0.954326066,2.065221566
0.0696,40.73330091,-299.6055243,258.8722234,3.062666617,50.02117519,0.954338334,2.065408447
0.0698,20.40691885,-291.1063221,270.6994032,3.03139526,50.0212321,0.9543506,2.065595318
0.07,-8.76E-13,-281.4582562,281.4582562,3,50.02128896,0.954362865,2.06578218
0.0702,-20.40691885,-270.6994032,291.1063221,2.96860474,50.0213458,0.954375128,2.065969032
0.0704,-40.73330091,-258.8722234,299.6055243,2.937333383,50.0214026,0.954387389,2.066155875
0.0706,-60.89892724,-246.0233931,306.9223203,2.906309343,50.02145937,0.954399648,2.066342709
0.0708,-80.82421333,-232.2036209,313.0278342,2.875655056,50.0215161,0.954411906,2.066529533
0.071,-100.4305232,-217.4674471,317.8979702,2.845491503,50.0215728,0.954424162,2.066716348
0.0712,-119.6404796,-201.8730286,321.5135082,2.815937724,50.02162947,0.954436416,2.066903153
0.0714,-138.3782698,-185.4819095,323.8601793,2.787110354,50.0216861,0.954448668,2.067089949
0.0716,-156.5699441,-168.358778,324.9287221,2.759123163,50.0217427,0.954460919,2.067276735
0.0718,-174.1437084,-150.5712114,324.7149198,2.732086603,50.02179926,0.954473168,2.067463511
0.072,-191.030207,-132.189409,323.219616,2.706107374,50.02185579,0.954485415,2.067650279
0.0722,-207.1627967,-113.2859154,320.448712,2.681288005,50.02191228,0.954497661,2.067837036
0.0724,-222.4778094,-93.93533401,316.4131434,2.657726447,50.02196874,0.954509904,2.068023784
0.0726,-236.9148039,-74.21403279,311.1288367,2.635515686,50.02202517,0.954522146,2.068210522
0.0728,-250.4168039,-54.19984268,304.6166466,2.614743379,50.02208156,0.954534386,2.06839725
0.073,-262.9305232,-33.97175056,296.9022737,2.595491503,50.02213791,0.954546624,2.068583969
0.0732,-274.4065758,-13.60958746,288.0161633,2.577836037,50.02219423,0.954558861,2.068770678
0.0734,-284.799671,6.806286462,277.9933846,2.56184666,50.02225052,0.954571095,2.068957377
0.0736,-294.0687921,27.19529908,266.873493,2.547586474,50.02230677,0.954583328,2.069144067
0.0738,-302.1773579,47.47698428,254.7003736,2.535111757,50.02236298,0.954595559,2.069330746
0.074,-309.0933678,67.57129952,241.5220683,2.524471742,50.02241916,0.954607789,2.069517416
0.0742,-314.7895274,87.3989417,227.3905857,2.515708419,50.0224753,0.954620016,2.069704076
0.0744,-319.2433565,106.8816602,212.3616963,2.508856375,50.02253141,0.954632242,2.069890726
0.0746,-322.4372779,125.9425656,196.4947123,2.503942649,50.02258749,0.954644465,2.070077366
0.0748,-324.3586867,144.5064332,179.8522535,2.500986636,50.02264352,0.954656687,2.070263996
0.075,-325,162.5,162.5,2.5,50.02269952,0.954668907,2.070450616
0.0752,-324.3586867,179.8522535,144.5064332,2.500986636,50.02275549,0.954681126,2.070637226
0.0754,-322.4372779,196.4947123,125.9425656,2.503942649,50.02281142,0.954693342,2.070823826
0.0756,-319.2433565,212.3616963,106.8816602,2.508856375,50.02286731,0.954705556,2.071010416
0.0758,-314.7895274,227.3905857,87.3989417,2.515708419,50.02292317,0.954717769,2.071196996
0.076,-309.0933678,241.5220683,67.57129952,2.524471742,50.02297899,0.95472998,2.071383566
0.0762,-302.1773579,254.7003736,47.47698428,2.535111757,50.02303478,0.954742189,2.071570125
0.0764,-294.0687921,266.873493,27.19529908,2.547586474,50.02309053,0.954754396,2.071756675
0.0766,-284.799671,277.9933846,6.806286462,2.56184666,50.02314624,0.954766601,2.071943214
0.0768,-274.4065758,288.0161633,-13.60958746,2.577836037,50.02320191,0.954778804,2.072129743
0.077,-262.9305232,296.9022737,-33.97175056,2.595491503,50.02325755,0.954791006,2.072316262
0.0772,-250.4168039,304.6166466,-54.19984268,2.614743379,50.02331316,0.954803205,2.07250277
0.0774,-236.9148039,311.1288367,-74.21403279,2.635515686,50.02336872,0.954815403,2.072689268
0.0776,-222.4778094,316.4131434,-93.93533401,2.657726447,50.02342425,0.954827599,2.072875756
0.0778,-207.1627967,320.448712,-113.2859154,2.681288005,50.02347974,0.954839793,2.073062233
0.078,-191.030207,323.219616,-132.189409,2.706107374,50.0235352,0.954851985,2.073248701
0.0782,-174.1437084,324.7149198,-150.5712114,2.732086603,50.02359061,0.954864175,2.073435157
0.0784,-156.5699441,324.9287221,-168.358778,2.759123163,50.02364599,0.954876363,2.073621604
0.0786,-138.3782698,323.8601793,-185.4819095,2.787110354,50.02370134,0.954888549,2.073808039
0.0788,-119.6404796,321.5135082,-201.8730286,2.815937724,50.02375664,0.954900733,2.073994465
0.079,-100.4305232,317.8979702,-217.4674471,2.845491503,50.02381191,0.954912915,2.074180879
0.0792,-80.82421333,313.0278342,-232.2036209,2.875655056,50.02386714,0.954925096,2.074367284
0.0794,-60.89892724,306.9223203,-246.0233931,2.906309343,50.02392233,0.954937274,2.074553677
0.0796,-40.73330091,299.6055243,-258.8722234,2.937333383,50.02397749,0.954949451,2.07474006
0.0798,-20.40691885,291.1063221,-270.6994032,2.96860474,50.0240326,0.954961625,2.074926433
0.08,-3.18E-13,281.4582562,-281.4582562,3,50.02408768,0.954973798,2.075112795
0.0802,20.40691885,270.6994032,-291.1063221,3.03139526,50.02414272,0.954985968,2.075299146
0.0804,40.73330091,258.8722234,-299.6055243,3.062666617,50.02419773,0.954998137,2.075485486
0.0806,60.89892724,246.0233931,-306.9223203,3.093690657,50.02425269,0.955010304,2.075671816
0.0808,80.82421333,232.2036209,-313.0278342,3.124344944,50.02430762,0.955022468,2.075858135
0.081,100.4305232,217.4674471,-317.8979702,3.154508497,50.02436251,0.955034631,2.076044443
0.0812,119.6404796,201.8730286,-321.5135082,3.184062276,50.02441736,0.955046792,2.07623074
0.0814,138.3782698,185.4819095,-323.8601793,3.212889646,50.02447217,0.95505895,2.076417027
0.0816,156.5699441,168.358778,-324.9287221,3.240876837,50.02452694,0.955071107,2.076603302
0.0818,174.1437084,150.5712114,-324.7149198,3.267913397,50.02458167,0.955083262,2.076789567
0.082,191.030207,132.189409,-323.219616,3.293892626,50.02463637,0.955095415,2.076975821
0.0822,207.1627967,113.2859154,-320.448712,3.318711995,50.02469102,0.955107565,2.077162064
0.0824,222.4778094,93.93533401,-316.4131434,3.342273553,50.02474564,0.955119714,2.077348296
0.0826,236.9148039,74.21403279,-311.1288367,3.364484314,50.02480022,0.955131861,2.077534517
0.0828,250.4168039,54.19984268,-304.6166466,3.385256621,50.02485476,0.955144005,2.077720727
0.083,262.9305232,33.97175056,-296.9022737,3.404508497,50.02490926,0.955156148,2.077906926
0.0832,274.4065758,13.60958746,-288.0161633,3.422163963,50.02496372,0.955168288,2.078093113
0.0834,284.799671,-6.806286462,-277.9933846,3.43815334,50.02501814,0.955180427,2.07827929
0.0836,294.0687921,-27.19529908,-266.873493,3.452413526,50.02507252,0.955192563,2.078465456
0.0838,302.1773579,-47.47698428,-254.7003736,3.464888243,50.02512686,0.955204698,2.07865161
0.084,309.0933678,-67.57129952,-241.5220683,3.475528258,50.02518116,0.95521683,2.078837753
0.0842,314.7895274,-87.3989417,-227.3905857,3.484291581,50.02523542,0.95522896,2.079023886
0.0844,319.2433565,-106.8816602,-212.3616963,3.491143625,50.02528964,0.955241089,2.079210006
0.0846,322.4372779,-125.9425656,-196.4947123,3.496057351,50.02534383,0.955253215,2.079396116
0.0848,324.3586867,-144.5064332,-179.8522535,3.499013364,50.02539797,0.955265339,2.079582214
0.085,325,-162.5,-162.5,3.5,50.02545207,0.955277461,2.079768301
0.0852,324.3586867,-179.8522535,-144.5064332,3.499013364,50.02550613,0.955289581,2.079954377
0.0854,322.4372779,-196.4947123,-125.9425656,3.496057351,50.02556015,0.955301699,2.080140441
0.0856,319.2433565,-212.3616963,-106.8816602,3.491143625,50.02561414,0.955313815,2.080326494
0.0858,314.7895274,-227.3905857,-87.3989417,3.484291581,50.02566808,0.955325928,2.080512535
0.086,309.0933678,-241.5220683,-67.57129952,3.475528258,50.02572198,0.95533804,2.080698565
0.0862,302.1773579,-254.7003736,-47.47698428,3.464888243,50.02577584,0.955350149,2.080884584
0.0864,294.0687921,-266.873493,-27.19529908,3.452413526,50.02582966,0.955362257,2.081070591
0.0866,284.799671,-277.9933846,-6.806286462,3.43815334,50.02588343,0.955374362,2.081256587
0.0868,274.4065758,-288.0161633,13.60958746,3.422163963,50.02593717,0.955386465,2.081442571
0.087,262.9305232,-296.9022737,33.97175056,3.404508497,50.02599087,0.955398566,2.081628543
0.0872,250.4168039,-304.6166466,54.19984268,3.385256621,50.02604452,0.955410665,2.081814504
0.0874,236.9148039,-311.1288367,74.21403279,3.364484314,50.02609814,0.955422761,2.082000453
0.0876,222.4778094,-316.4131434,93.93533401,3.342273553,50.02615171,0.955434856,2.082186391
0.0878,207.1627967,-320.448712,113.2859154,3.318711995,50.02620524,0.955446948,2.082372316
0.088,191.030207,-323.219616,132.189409,3.293892626,50.02625873,0.955459039,2.082558231
0.0882,174.1437084,-324.7149198,150.5712114,3.267913397,50.02631218,0.955471127,2.082744133
0.0884,156.5699441,-324.9287221,168.358778,3.240876837,50.02636559,0.955483213,2.082930024
0.0886,138.3782698,-323.8601793,185.4819095,3.212889646,50.02641895,0.955495297,2.083115903
0.0888,119.6404796,-321.5135082,201.8730286,3.184062276,50.02647228,0.955507378,2.08330177
0.089,100.4305232,-317.8979702,217.4674471,3.154508497,50.02652556,0.955519458,2.083487625
0.0892,80.82421333,-313.0278342,232.2036209,3.124344944,50.0265788,0.955531535,2.083673468
0.0894,60.89892724,-306.9223203,246.0233931,3.093690657,50.026632,0.95554361,2.0838593
0.0896,40.73330091,-299.6055243,258.8722234,3.062666617,50.02668515,0.955555683,2.084045119
0.0898,20.40691885,-291.1063221,270.6994032,3.03139526,50.02673827,0.955567754,2.084230927
0.09,-7.96E-13,-281.4582562,281.4582562,3,50.02679134,0.955579822,2.084416722
0.0902,-20.40691885,-270.6994032,291.1063221,2.96860474,50.02684437,0.955591888,2.084602506
0.0904,-40.73330091,-258.8722234,299.6055243,2.937333383,50.02689736,0.955603953,2.084788278
0.0906,-60.89892724,-246.0233931,306.9223203,2.906309343,50.0269503,0.955616014,2.084974037
0.0908,-80.82421333,-232.2036209,313.0278342,2.875655056,50.0270032,0.955628074,2.085159785
0.091,-100.4305232,-217.4674471,317.8979702,2.845491503,50.02705606,0.955640132,2.08534552
0.0912,-119.6404796,-201.8730286,321.5135082,2.815937724,50.02710888,0.955652187,2.085531243
0.0914,-138.3782698,-185.4819095,323.8601793,2.787110354,50.02716165,0.95566424,2.085716954
0.0916,-156.5699441,-168.358778,324.9287221,2.759123163,50.02721438,0.95567629,2.085902653
0.0918,-174.1437084,-150.5712114,324.7149198,2.732086603,50.02726707,0.955688339,2.08608834
0.092,-191.030207,-132.189409,323.219616,2.706107374,50.02731972,0.955700385,2.086274014
0.0922,-207.1627967,-113.2859154,320.448712,2.681288005,50.02737232,0.955712429,2.086459677
0.0924,-222.4778094,-93.93533401,316.4131434,2.657726447,50.02742488,0.955724471,2.086645326
0.0926,-236.9148039,-74.21403279,311.1288367,2.635515686,50.02747739,0.955736511,2.086830964
0.0928,-250.4168039,-54.19984268,304.6166466,2.614743379,50.02752987,0.955748548,2.087016589
0.093,-262.9305232,-33.97175056,296.9022737,2.595491503,50.02758229,0.955760583,2.087202202
0.0932,-274.4065758,-13.60958746,288.0161633,2.577836037,50.02763468,0.955772615,2.087387803
0.0934,-284.799671,6.806286462,277.9933846,2.56184666,50.02768702,0.955784646,2.087573391
0.0936,-294.0687921,27.19529908,266.873493,2.547586474,50.02773932,0.955796674,2.087758966
0.0938,-302.1773579,47.47698428,254.7003736,2.535111757,50.02779157,0.9558087,2.08794453
0.094,-309.0933678,67.57129952,241.5220683,2.524471742,50.02784378,0.955820723,2.08813008
0.0942,-314.7895274,87.3989417,227.3905857,2.515708419,50.02789595,0.955832745,2.088315618
0.0944,-319.2433565,106.8816602,212.3616963,2.508856375,50.02794807,0.955844764,2.088501144
0.0946,-322.4372779,125.9425656,196.4947123,2.503942649,50.02800015,0.95585678,2.088686657
0.0948,-324.3586867,144.5064332,179.8522535,2.500986636,50.02805218,0.955868794,2.088872157
0.095,-325,162.5,162.5,2.5,50.02810417,0.955880807,2.089057645
0.0952,-324.3586867,179.8522535,144.5064332,2.500986636,50.02815611,0.955892816,2.08924312
0.0954,-322.4372779,196.4947123,125.9425656,2.503942649,50.02820801,0.955904824,2.089428583
0.0956,-319.2433565,212.3616963,106.8816602,2.508856375,50.02825987,0.955916829,2.089614032
0.0958,-314.7895274,227.3905857,87.3989417,2.515708419,50.02831168,0.955928831,2.089799469
0.096,-309.0933678,241.5220683,67.57129952,2.524471742,50.02836345,0.955940832,2.089984894
0.0962,-302.1773579,254.7003736,47.47698428,2.535111757,50.02841517,0.95595283,2.090170305
0.0964,-294.0687921,266.873493,27.19529908,2.547586474,50.02846685,0.955964825,2.090355704
0.0966,-284.799671,277.9933846,6.806286462,2.56184666,50.02851848,0.955976819,2.090541089
0.0968,-274.4065758,288.0161633,-13.60958746,2.577836037,50.02857006,0.95598881,2.090726462
0.097,-262.9305232,296.9022737,-33.97175056,2.595491503,50.02862161,0.956000798,2.090911822
0.0972,-250.4168039,304.6166466,-54.19984268,2.614743379,50.0286731,0.956012784,2.091097169
0.0974,-236.9148039,311.1288367,-74.21403279,2.635515686,50.02872455,0.956024768,2.091282504
0.0976,-222.4778094,316.4131434,-93.93533401,2.657726447,50.02877596,0.95603675,2.091467825
0.0978,-207.1627967,320.448712,-113.2859154,2.681288005,50.02882732,0.956048729,2.091653133
0.098,-191.030207,323.219616,-132.189409,2.706107374,50.02887864,0.956060705,2.091838428
0.0982,-174.1437084,324.7149198,-150.5712114,2.732086603,50.0289299,0.95607268,2.09202371
0.0984,-156.5699441,324.9287221,-168.358778,2.759123163,50.02898113,0.956084652,2.092208979
0.0986,-138.3782698,323.8601793,-185.4819095,2.787110354,50.02903231,0.956096621,2.092394235
0.0988,-119.6404796,321.5135082,-201.8730286,2.815937724,50.02908344,0.956108588,2.092579478
0.099,-100.4305232,317.8979702,-217.4674471,2.845491503,50.02913452,0.956120553,2.092764707
0.0992,-80.82421333,313.0278342,-232.2036209,2.875655056,50.02918556,0.956132515,2.092949924
0.0994,-60.89892724,306.9223203,-246.0233931,2.906309343,50.02923656,0.956144475,2.093135127
0.0996,-40.73330091,299.6055243,-258.8722234,2.937333383,50.02928751,0.956156432,2.093320317
0.0998,-20.40691885,291.1063221,-270.6994032,2.96860474,50.02933841,0.956168387,2.093505494
0.1,7.57E-13,281.4582562,-281.4582562,3,50.02938926,0.95618034,2.093690657
0.1002,20.40691885,270.6994032,-291.1063221,3.03139526,50.02944007,0.95619229,2.093875807
0.1004,40.73330091,258.8722234,-299.6055243,3.062666617,50.02949083,0.956204238,2.094060944
0.1006,60.89892724,246.0233931,-306.9223203,3.093690657,50.02954155,0.956216183,2.094246068
0.1008,80.82421333,232.2036209,-313.0278342,3.124344944,50.02959222,0.956228126,2.094431178
0.101,100.4305232,217.4674471,-317.8979702,3.154508497,50.02964284,0.956240066,2.094616274
0.1012,119.6404796,201.8730286,-321.5135082,3.184062276,50.02969342,0.956252004,2.094801357
0.1014,138.3782698,185.4819095,-323.8601793,3.212889646,50.02974395,0.956263939,2.094986427
0.1016,156.5699441,168.358778,-324.9287221,3.240876837,50.02979443,0.956275872,2.095171483
0.1018,174.1437084,150.5712114,-324.7149198,3.267913397,50.02984486,0.956287802,2.095356526
0.102,191.030207,132.189409,-323.219616,3.293892626,50.02989525,0.95629973,2.095541555
0.1022,207.1627967,113.2859154,-320.448712,3.318711995,50.02994559,0.956311656,2.09572657
0.1024,222.4778094,93.93533401,-316.4131434,3.342273553,50.02999588,0.956323579,2.095911572
0.1026,236.9148039,74.21403279,-311.1288367,3.364484314,50.03004613,0.956335499,2.096096561
0.1028,250.4168039,54.19984268,-304.6166466,3.385256621,50.03009633,0.956347417,2.096281535
0.103,262.9305232,33.97175056,-296.9022737,3.404508497,50.03014648,0.956359333,2.096466496
0.1032,274.4065758,13.60958746,-288.0161633,3.422163963,50.03019658,0.956371246,2.096651443
0.1034,284.799671,-6.806286462,-277.9933846,3.43815334,50.03024664,0.956383156,2.096836377
0.1036,294.0687921,-27.19529908,-266.873493,3.452413526,50.03029664,0.956395064,2.097021297
0.1038,302.1773579,-47.47698428,-254.7003736,3.464888243,50.0303466,0.956406969,2.097206203
0.104,309.0933678,-67.57129952,-241.5220683,3.475528258,50.03039651,0.956418872,2.097391095
0.1042,314.7895274,-87.3989417,-227.3905857,3.484291581,50.03044638,0.956430773,2.097575973
0.1044,319.2433565,-106.8816602,-212.3616963,3.491143625,50.03049619,0.95644267,2.097760838
0.1046,322.4372779,-125.9425656,-196.4947123,3.496057351,50.03054596,0.956454566,2.097945688
0.1048,324.3586867,-144.5064332,-179.8522535,3.499013364,50.03059568,0.956466458,2.098130525
0.105,325,-162.5,-162.5,3.5,50.03064535,0.956478348,2.098315347
0.1052,324.3586867,-179.8522535,-144.5064332,3.499013364,50.03069498,0.956490236,2.098500156
0.1054,322.4372779,-196.4947123,-125.9425656,3.496057351,50.03074455,0.956502121,2.098684951
0.1056,319.2433565,-212.3616963,-106.8816602,3.491143625,50.03079408,0.956514003,2.098869731
0.1058,314.7895274,-227.3905857,-87.3989417,3.484291581,50.03084355,0.956525883,2.099054498
0.106,309.0933678,-241.5220683,-67.57129952,3.475528258,50.03089298,0.956537761,2.09923925
0.1062,302.1773579,-254.7003736,-47.47698428,3.464888243,50.03094236,0.956549635,2.099423989
0.1064,294.0687921,-266.873493,-27.19529908,3.452413526,50.03099169,0.956561507,2.099608713
0.1066,284.799671,-277.9933846,-6.806286462,3.43815334,50.03104097,0.956573377,2.099793423
0.1068,274.4065758,-288.0161633,13.60958746,3.422163963,50.03109021,0.956585244,2.099978119
0.107,262.9305232,-296.9022737,33.97175056,3.404508497,50.03113939,0.956597108,2.100162801
0.1072,250.4168039,-304.6166466,54.19984268,3.385256621,50.03118852,0.95660897,2.100347469
0.1074,236.9148039,-311.1288367,74.21403279,3.364484314,50.03123761,0.956620829,2.100532122
0.1076,222.4778094,-316.4131434,93.93533401,3.342273553,50.03128664,0.956632686,2.100716761
0.1078,207.1627967,-320.448712,113.2859154,3.318711995,50.03133563,0.95664454,2.100901385
0.108,191.030207,-323.219616,132.189409,3.293892626,50.03138457,0.956656391,2.101085996
0.1082,174.1437084,-324.7149198,150.5712114,3.267913397,50.03143346,0.95666824,2.101270592
0.1084,156.5699441,-324.9287221,168.358778,3.240876837,50.03148229,0.956680086,2.101455173
0.1086,138.3782698,-323.8601793,185.4819095,3.212889646,50.03153108,0.956691929,2.10163974
0.1088,119.6404796,-321.5135082,201.8730286,3.184062276,50.03157982,0.95670377,2.101824293
0.109,100.4305232,-317.8979702,217.4674471,3.154508497,50.03162851,0.956715608,2.102008831
0.1092,80.82421333,-313.0278342,232.2036209,3.124344944,50.03167715,0.956727443,2.102193355
0.1094,60.89892724,-306.9223203,246.0233931,3.093690657,50.03172574,0.956739276,2.102377864
0.1096,40.73330091,-299.6055243,258.8722234,3.062666617,50.03177427,0.956751106,2.102562359
0.1098,20.40691885,-291.1063221,270.6994032,3.03139526,50.03182276,0.956762934,2.102746839
0.11,-7.17E-13,-281.4582562,281.4582562,3,50.0318712,0.956774758,2.102931304
0.1102,-20.40691885,-270.6994032,291.1063221,2.96860474,50.03191959,0.956786581,2.103115755
0.1104,-40.73330091,-258.8722234,299.6055243,2.937333383,50.03196792,0.9567984,2.103300191
0.1106,-60.89892724,-246.0233931,306.9223203,2.906309343,50.03201621,0.956810217,2.103484613
0.1108,-80.82421333,-232.2036209,313.0278342,2.875655056,50.03206445,0.956822031,2.10366902
0.111,-100.4305232,-217.4674471,317.8979702,2.845491503,50.03211263,0.956833842,2.103853412
0.1112,-119.6404796,-201.8730286,321.5135082,2.815937724,50.03216077,0.956845651,2.104037789
0.1114,-138.3782698,-185.4819095,323.8601793,2.787110354,50.03220885,0.956857457,2.104222152
0.1116,-156.5699441,-168.358778,324.9287221,2.759123163,50.03225688,0.95686926,2.104406499
0.1118,-174.1437084,-150.5712114,324.7149198,2.732086603,50.03230487,0.956881061,2.104590832
0.112,-191.030207,-132.189409,323.219616,2.706107374,50.0323528,0.956892858,2.10477515
0.1122,-207.1627967,-113.2859154,320.448712,2.681288005,50.03240068,0.956904654,2.104959453
0.1124,-222.4778094,-93.93533401,316.4131434,2.657726447,50.03244851,0.956916446,2.105143741
0.1126,-236.9148039,-74.21403279,311.1288367,2.635515686,50.03249628,0.956928236,2.105328015
0.1128,-250.4168039,-54.19984268,304.6166466,2.614743379,50.03254401,0.956940023,2.105512273
0.113,-262.9305232,-33.97175056,296.9022737,2.595491503,50.03259169,0.956951807,2.105696516
0.1132,-274.4065758,-13.60958746,288.0161633,2.577836037,50.03263931,0.956963588,2.105880744
0.1134,-284.799671,6.806286462,277.9933846,2.56184666,50.03268688,0.956975367,2.106064958
0.1136,-294.0687921,27.19529908,266.873493,2.547586474,50.0327344,0.956987143,2.106249156
0.1138,-302.1773579,47.47698428,254.7003736,2.535111757,50.03278187,0.956998916,2.106433339
0.114,-309.0933678,67.57129952,241.5220683,2.524471742,50.03282929,0.957010686,2.106617507
0.1142,-314.7895274,87.3989417,227.3905857,2.515708419,50.03287665,0.957022454,2.10680166
0.1144,-319.2433565,106.8816602,212.3616963,2.508856375,50.03292397,0.957034219,2.106985797
0.1146,-322.4372779,125.9425656,196.4947123,2.503942649,50.03297123,0.957045981,2.107169919
0.1148,-324.3586867,144.5064332,179.8522535,2.500986636,50.03301844,0.95705774,2.107354027
0.115,-325,162.5,162.5,2.5,50.03306559,0.957069497,2.107538119
0.1152,-324.3586867,179.8522535,144.5064332,2.500986636,50.0331127,0.957081251,2.107722195
0.1154,-322.4372779,196.4947123,125.9425656,2.503942649,50.03315975,0.957093002,2.107906256
0.1156,-319.2433565,212.3616963,106.8816602,2.508856375,50.03320675,0.95710475,2.108090302
0.1158,-314.7895274,227.3905857,87.3989417,2.515708419,50.0332537,0.957116495,2.108274333
0.116,-309.0933678,241.5220683,67.57129952,2.524471742,50.03330059,0.957128238,2.108458348
0.1162,-302.1773579,254.7003736,47.47698428,2.535111757,50.03334744,0.957139977,2.108642348
0.1164,-294.0687921,266.873493,27.19529908,2.547586474,50.03339423,0.957151714,2.108826332
0.1166,-284.799671,277.9933846,6.806286462,2.56184666,50.03344096,0.957163448,2.109010301
0.1168,-274.4065758,288.0161633,-13.60958746,2.577836037,50.03348765,0.95717518,2.109194255
0.117,-262.9305232,296.9022737,-33.97175056,2.595491503,50.03353428,0.957186908,2.109378192
0.1172,-250.4168039,304.6166466,-54.19984268,2.614743379,50.03358086,0.957198633,2.109562115
0.1174,-236.9148039,311.1288367,-74.21403279,2.635515686,50.03362738,0.957210356,2.109746022
0.1176,-222.4778094,316.4131434,-93.93533401,2.657726447,50.03367386,0.957222076,2.109929913
0.1178,-207.1627967,320.448712,-113.2859154,2.681288005,50.03372027,0.957233793,2.110113788
0.118,-191.030207,323.219616,-132.189409,2.706107374,50.03376664,0.957245507,2.110297648
0.1182,-174.1437084,324.7149198,-150.5712114,2.732086603,50.03381295,0.957257219,2.110481492
0.1184,-156.5699441,324.9287221,-168.358778,2.759123163,50.03385921,0.957268927,2.110665321
0.1186,-138.3782698,323.8601793,-185.4819095,2.787110354,50.03390542,0.957280633,2.110849134
0.1188,-119.6404796,321.5135082,-201.8730286,2.815937724,50.03395157,0.957292335,2.111032931
0.119,-100.4305232,317.8979702,-217.4674471,2.845491503,50.03399767,0.957304035,2.111216712
0.1192,-80.82421333,313.0278342,-232.2036209,2.875655056,50.03404371,0.957315732,2.111400477
0.1194,-60.89892724,306.9223203,-246.0233931,2.906309343,50.03408971,0.957327426,2.111584227
0.1196,-40.73330091,299.6055243,-258.8722234,2.937333383,50.03413564,0.957339117,2.111767961
0.1198,-20.40691885,291.1063221,-270.6994032,2.96860474,50.03418153,0.957350806,2.111951679
0.12,1.83E-12,281.4582562,-281.4582562,3,50.03422736,0.957362491,2.11213538
0.1202,20.40691885,270.6994032,-291.1063221,3.03139526,50.03427313,0.957374174,2.112319066
0.1204,40.73330091,258.8722234,-299.6055243,3.062666617,50.03431885,0.957385853,2.112502737
0.1206,60.89892724,246.0233931,-306.9223203,3.093690657,50.03436452,0.95739753,2.112686391
0.1208,80.82421333,232.2036209,-313.0278342,3.124344944,50.03441013,0.957409203,2.112870029
0.121,100.4305232,217.4674471,-317.8979702,3.154508497,50.03445569,0.957420874,2.113053651
0.1212,119.6404796,201.8730286,-321.5135082,3.184062276,50.03450119,0.957432542,2.113237257
0.1214,138.3782698,185.4819095,-323.8601793,3.212889646,50.03454664,0.957444207,2.113420846
0.1216,156.5699441,168.358778,-324.9287221,3.240876837,50.03459204,0.957455869,2.11360442
0.1218,174.1437084,150.5712114,-324.7149198,3.267913397,50.03463738,0.957467528,2.113787978
0.122,191.030207,132.189409,-323.219616,3.293892626,50.03468267,0.957479184,2.113971519
0.1222,207.1627967,113.2859154,-320.448712,3.318711995,50.0347279,0.957490837,2.114155044
0.1224,222.4778094,93.93533401,-316.4131434,3.342273553,50.03477307,0.957502487,2.114338553
0.1226,236.9148039,74.21403279,-311.1288367,3.364484314,50.03481819,0.957514135,2.114522046
0.1228,250.4168039,54.19984268,-304.6166466,3.385256621,50.03486326,0.957525779,2.114705523
0.123,262.9305232,33.97175056,-296.9022737,3.404508497,50.03490827,0.95753742,2.114888983
0.1232,274.4065758,13.60958746,-288.0161633,3.422163963,50.03495323,0.957549059,2.115072427
0.1234,284.799671,-6.806286462,-277.9933846,3.43815334,50.03499813,0.957560694,2.115255854
0.1236,294.0687921,-27.19529908,-266.873493,3.452413526,50.03504297,0.957572326,2.115439265
0.1238,302.1773579,-47.47698428,-254.7003736,3.464888243,50.03508776,0.957583956,2.11562266
0.124,309.0933678,-67.57129952,-241.5220683,3.475528258,50.0351325,0.957595582,2.115806038
0.1242,314.7895274,-87.3989417,-227.3905857,3.484291581,50.03517718,0.957607205,2.1159894
0.1244,319.2433565,-106.8816602,-212.3616963,3.491143625,50.0352218,0.957618826,2.116172745
0.1246,322.4372779,-125.9425656,-196.4947123,3.496057351,50.03526637,0.957630443,2.116356074
0.1248,324.3586867,-144.5064332,-179.8522535,3.499013364,50.03531088,0.957642057,2.116539386
0.125,325,-162.5,-162.5,3.5,50.03535534,0.957653669,2.116722682
0.1252,324.3586867,-179.8522535,-144.5064332,3.499013364,50.03539974,0.957665277,2.116905961
0.1254,322.4372779,-196.4947123,-125.9425656,3.496057351,50.03544408,0.957676882,2.117089224
0.1256,319.2433565,-212.3616963,-106.8816602,3.491143625,50.03548837,0.957688484,2.117272469
0.1258,314.7895274,-227.3905857,-87.3989417,3.484291581,50.03553261,0.957700084,2.117455699
0.126,309.0933678,-241.5220683,-67.57129952,3.475528258,50.03557678,0.95771168,2.117638911
0.1262,302.1773579,-254.7003736,-47.47698428,3.464888243,50.0356209,0.957723273,2.117822107
0.1264,294.0687921,-266.873493,-27.19529908,3.452413526,50.03566497,0.957734863,2.118005286
0.1266,284.799671,-277.9933846,-6.806286462,3.43815334,50.03570898,0.95774645,2.118188448
0.1268,274.4065758,-288.0161633,13.60958746,3.422163963,50.03575293,0.957758034,2.118371594
0.127,262.9305232,-296.9022737,33.97175056,3.404508497,50.03579682,0.957769615,2.118554722
0.1272,250.4168039,-304.6166466,54.19984268,3.385256621,50.03584066,0.957781193,2.118737834
0.1274,236.9148039,-311.1288367,74.21403279,3.364484314,50.03588445,0.957792768,2.118920929
0.1276,222.4778094,-316.4131434,93.93533401,3.342273553,50.03592817,0.957804339,2.119104007
0.1278,207.1627967,-320.448712,113.2859154,3.318711995,50.03597184,0.957815908,2.119287068
0.128,191.030207,-323.219616,132.189409,3.293892626,50.03601545,0.957827473,2.119470112
0.1282,174.1437084,-324.7149198,150.5712114,3.267913397,50.03605901,0.957839036,2.119653139
0.1284,156.5699441,-324.9287221,168.358778,3.240876837,50.0361025,0.957850595,2.11983615
0.1286,138.3782698,-323.8601793,185.4819095,3.212889646,50.03614595,0.957862151,2.120019143
0.1288,119.6404796,-321.5135082,201.8730286,3.184062276,50.03618933,0.957873704,2.120202119
0.129,100.4305232,-317.8979702,217.4674471,3.154508497,50.03623266,0.957885254,2.120385078
0.1292,80.82421333,-313.0278342,232.2036209,3.124344944,50.03627593,0.957896801,2.12056802
0.1294,60.89892724,-306.9223203,246.0233931,3.093690657,50.03631914,0.957908345,2.120750944
0.1296,40.73330091,-299.6055243,258.8722234,3.062666617,50.03636229,0.957919886,2.120933852
0.1298,20.40691885,-291.1063221,270.6994032,3.03139526,50.03640539,0.957931423,2.121116742
0.13,-6.37E-13,-281.4582562,281.4582562,3,50.03644843,0.957942958,2.121299615
0.1302,-20.40691885,-270.6994032,291.1063221,2.96860474,50.03649141,0.957954489,2.121482471
0.1304,-40.73330091,-258.8722234,299.6055243,2.937333383,50.03653434,0.957966017,2.12166531
0.1306,-60.89892724,-246.0233931,306.9223203,2.906309343,50.03657721,0.957977542,2.121848131
0.1308,-80.82421333,-232.2036209,313.0278342,2.875655056,50.03662002,0.957989064,2.122030935
0.131,-100.4305232,-217.4674471,317.8979702,2.845491503,50.03666277,0.958000583,2.122213722
0.1312,-119.6404796,-201.8730286,321.5135082,2.815937724,50.03670546,0.958012098,2.122396491
0.1314,-138.3782698,-185.4819095,323.8601793,2.787110354,50.0367481,0.958023611,2.122579243
0.1316,-156.5699441,-168.358778,324.9287221,2.759123163,50.03679067,0.95803512,2.122761978
0.1318,-174.1437084,-150.5712114,324.7149198,2.732086603,50.03683319,0.958046626,2.122944695
0.132,-191.030207,-132.189409,323.219616,2.706107374,50.03687566,0.958058129,2.123127395
0.1322,-207.1627967,-113.2859154,320.448712,2.681288005,50.03691806,0.958069628,2.123310077
0.1324,-222.4778094,-93.93533401,316.4131434,2.657726447,50.0369604,0.958081125,2.123492741
0.1326,-236.9148039,-74.21403279,311.1288367,2.635515686,50.03700269,0.958092618,2.123675388
0.1328,-250.4168039,-54.19984268,304.6166466,2.614743379,50.03704492,0.958104108,2.123858018
0.133,-262.9305232,-33.97175056,296.9022737,2.595491503,50.03708709,0.958115595,2.12404063
0.1332,-274.4065758,-13.60958746,288.0161633,2.577836037,50.0371292,0.958127079,2.124223224
0.1334,-284.799671,6.806286462,277.9933846,2.56184666,50.03717125,0.958138559,2.1244058
0.1336,-294.0687921,27.19529908,266.873493,2.547586474,50.03721325,0.958150037,2.124588359
0.1338,-302.1773579,47.47698428,254.7003736,2.535111757,50.03725518,0.958161511,2.124770901
0.134,-309.0933678,67.57129952,241.5220683,2.524471742,50.03729706,0.958172981,2.124953424
0.1342,-314.7895274,87.3989417,227.3905857,2.515708419,50.03733887,0.958184449,2.12513593
0.1344,-319.2433565,106.8816602,212.3616963,2.508856375,50.03738063,0.958195913,2.125318418
0.1346,-322.4372779,125.9425656,196.4947123,2.503942649,50.03742233,0.958207375,2.125500888
0.1348,-324.3586867,144.5064332,179.8522535,2.500986636,50.03746397,0.958218833,2.12568334
0.135,-325,162.5,162.5,2.5,50.03750555,0.958230287,2.125865774
0.1352,-324.3586867,179.8522535,144.5064332,2.500986636,50.03754708,0.958241739,2.126048191
0.1354,-322.4372779,196.4947123,125.9425656,2.503942649,50.03758854,0.958253187,2.126230589
0.1356,-319.2433565,212.3616963,106.8816602,2.508856375,50.03762994,0.958264632,2.12641297
0.1358,-314.7895274,227.3905857,87.3989417,2.515708419,50.03767128,0.958276073,2.126595333
0.136,-309.0933678,241.5220683,67.57129952,2.524471742,50.03771257,0.958287512,2.126777677
0.1362,-302.1773579,254.7003736,47.47698428,2.535111757,50.03775379,0.958298947,2.126960004
0.1364,-294.0687921,266.873493,27.19529908,2.547586474,50.03779496,0.958310379,2.127142313
0.1366,-284.799671,277.9933846,6.806286462,2.56184666,50.03783606,0.958321807,2.127324603
0.1368,-274.4065758,288.0161633,-13.60958746,2.577836037,50.03787711,0.958333232,2.127506876
0.137,-262.9305232,296.9022737,-33.97175056,2.595491503,50.0379181,0.958344654,2.12768913
0.1372,-250.4168039,304.6166466,-54.19984268,2.614743379,50.03795902,0.958356073,2.127871366
0.1374,-236.9148039,311.1288367,-74.21403279,2.635515686,50.03799989,0.958367488,2.128053584
0.1376,-222.4778094,316.4131434,-93.93533401,2.657726447,50.03804069,0.9583789,2.128235784
0.1378,-207.1627967,320.448712,-113.2859154,2.681288005,50.03808144,0.958390309,2.128417966
0.138,-191.030207,323.219616,-132.189409,2.706107374,50.03812213,0.958401715,2.128600129
0.1382,-174.1437084,324.7149198,-150.5712114,2.732086603,50.03816275,0.958413117,2.128782274
0.1384,-156.5699441,324.9287221,-168.358778,2.759123163,50.03820332,0.958424515,2.128964401
0.1386,-138.3782698,323.8601793,-185.4819095,2.787110354,50.03824382,0.958435911,2.129146509
0.1388,-119.6404796,321.5135082,-201.8730286,2.815937724,50.03828427,0.958447303,2.1293286
0.139,-100.4305232,317.8979702,-217.4674471,2.845491503,50.03832465,0.958458692,2.129510671
0.1392,-80.82421333,313.0278342,-232.2036209,2.875655056,50.03836497,0.958470077,2.129692725
0.1394,-60.89892724,306.9223203,-246.0233931,2.906309343,50.03840524,0.95848146,2.129874759
0.1396,-40.73330091,299.6055243,-258.8722234,2.937333383,50.03844544,0.958492838,2.130056776
0.1398,-20.40691885,291.1063221,-270.6994032,2.96860474,50.03848558,0.958504214,2.130238774
0.14,1.75E-12,281.4582562,-281.4582562,3,50.03852566,0.958515586,2.130420753
0.1402,20.40691885,270.6994032,-291.1063221,3.03139526,50.03856568,0.958526955,2.130602714
0.1404,40.73330091,258.8722234,-299.6055243,3.062666617,50.03860564,0.95853832,2.130784656
0.1406,60.89892724,246.0233931,-306.9223203,3.093690657,50.03864554,0.958549682,2.13096658
0.1408,80.82421333,232.2036209,-313.0278342,3.124344944,50.03868538,0.95856104,2.131148485
0.141,100.4305232,217.4674471,-317.8979702,3.154508497,50.03872515,0.958572396,2.131330372
0.1412,119.6404796,201.8730286,-321.5135082,3.184062276,50.03876487,0.958583748,2.131512239
0.1414,138.3782698,185.4819095,-323.8601793,3.212889646,50.03880452,0.958595096,2.131694089
0.1416,156.5699441,168.358778,-324.9287221,3.240876837,50.03884411,0.958606441,2.131875919
0.1418,174.1437084,150.5712114,-324.7149198,3.267913397,50.03888365,0.958617783,2.132057731
0.142,191.030207,132.189409,-323.219616,3.293892626,50.03892312,0.958629121,2.132239524
0.1422,207.1627967,113.2859154,-320.448712,3.318711995,50.03896252,0.958640456,2.132421298
0.1424,222.4778094,93.93533401,-316.4131434,3.342273553,50.03900187,0.958651787,2.132603053
0.1426,236.9148039,74.21403279,-311.1288367,3.364484314,50.03904116,0.958663115,2.132784789
0.1428,250.4168039,54.19984268,-304.6166466,3.385256621,50.03908038,0.95867444,2.132966507
0.143,262.9305232,33.97175056,-296.9022737,3.404508497,50.03911954,0.958685761,2.133148206
0.1432,274.4065758,13.60958746,-288.0161633,3.422163963,50.03915864,0.958697079,2.133329885
0.1434,284.799671,-6.806286462,-277.9933846,3.43815334,50.03919768,0.958708393,2.133511546
0.1436,294.0687921,-27.19529908,-266.873493,3.452413526,50.03923665,0.958719704,2.133693188
0.1438,302.1773579,-47.47698428,-254.7003736,3.464888243,50.03927557,0.958731011,2.133874811
0.144,309.0933678,-67.57129952,-241.5220683,3.475528258,50.03931442,0.958742315,2.134056415
0.1442,314.7895274,-87.3989417,-227.3905857,3.484291581,50.03935321,0.958753616,2.134237999
0.1444,319.2433565,-106.8816602,-212.3616963,3.491143625,50.03939194,0.958764913,2.134419565
0.1446,322.4372779,-125.9425656,-196.4947123,3.496057351,50.03943061,0.958776207,2.134601112
0.1448,324.3586867,-144.5064332,-179.8522535,3.499013364,50.03946921,0.958787497,2.134782639
0.145,325,-162.5,-162.5,3.5,50.03950775,0.958798783,2.134964147
0.1452,324.3586867,-179.8522535,-144.5064332,3.499013364,50.03954623,0.958810067,2.135145636
0.1454,322.4372779,-196.4947123,-125.9425656,3.496057351,50.03958465,0.958821346,2.135327106
0.1456,319.2433565,-212.3616963,-106.8816602,3.491143625,50.039623,0.958832623,2.135508557
0.1458,314.7895274,-227.3905857,-87.3989417,3.484291581,50.03966129,0.958843895,2.135689988
0.146,309.0933678,-241.5220683,-67.57129952,3.475528258,50.03969952,0.958855165,2.1358714
0.1462,302.1773579,-254.7003736,-47.47698428,3.464888243,50.03973769,0.95886643,2.136052793
0.1464,294.0687921,-266.873493,-27.19529908,3.452413526,50.03977579,0.958877693,2.136234167
0.1466,284.799671,-277.9933846,-6.806286462,3.43815334,50.03981383,0.958888951,2.136415521
0.1468,274.4065758,-288.0161633,13.60958746,3.422163963,50.03985181,0.958900207,2.136596855
0.147,262.9305232,-296.9022737,33.97175056,3.404508497,50.03988972,0.958911458,2.136778171
0.1472,250.4168039,-304.6166466,54.19984268,3.385256621,50.03992757,0.958922707,2.136959467
0.1474,236.9148039,-311.1288367,74.21403279,3.364484314,50.03996536,0.958933951,2.137140743
0.1476,222.4778094,-316.4131434,93.93533401,3.342273553,50.04000309,0.958945193,2.137322
0.1478,207.1627967,-320.448712,113.2859154,3.318711995,50.04004075,0.95895643,2.137503237
0.148,191.030207,-323.219616,132.189409,3.293892626,50.04007835,0.958967664,2.137684455
0.1482,174.1437084,-324.7149198,150.5712114,3.267913397,50.04011589,0.958978895,2.137865653
0.1484,156.5699441,-324.9287221,168.358778,3.240876837,50.04015336,0.958990122,2.138046832
0.1486,138.3782698,-323.8601793,185.4819095,3.212889646,50.04019077,0.959001345,2.138227991
0.1488,119.6404796,-321.5135082,201.8730286,3.184062276,50.04022811,0.959012565,2.138409131
0.149,100.4305232,-317.8979702,217.4674471,3.154508497,50.04026539,0.959023782,2.13859025
0.1492,80.82421333,-313.0278342,232.2036209,3.124344944,50.04030261,0.959034994,2.13877135
0.1494,60.89892724,-306.9223203,246.0233931,3.093690657,50.04033977,0.959046204,2.138952431
0.1496,40.73330091,-299.6055243,258.8722234,3.062666617,50.04037686,0.959057409,2.139133491
0.1498,20.40691885,-291.1063221,270.6994032,3.03139526,50.04041389,0.959068611,2.139314532
0.15,-5.58E-13,-281.4582562,281.4582562,3,50.04045085,0.95907981,2.139495553
0.1502,-20.40691885,-270.6994032,291.1063221,2.96860474,50.04048775,0.959091005,2.139676554
0.1504,-40.73330091,-258.8722234,299.6055243,2.937333383,50.04052459,0.959102196,2.139857536
0.1506,-60.89892724,-246.0233931,306.9223203,2.906309343,50.04056136,0.959113384,2.140038497
0.1508,-80.82421333,-232.2036209,313.0278342,2.875655056,50.04059806,0.959124568,2.140219439
0.151,-100.4305232,-217.4674471,317.8979702,2.845491503,50.04063471,0.959135749,2.14040036
0.1512,-119.6404796,-201.8730286,321.5135082,2.815937724,50.04067129,0.959146926,2.140581262
0.1514,-138.3782698,-185.4819095,323.8601793,2.787110354,50.0407078,0.959158099,2.140762143
0.1516,-156.5699441,-168.358778,324.9287221,2.759123163,50.04074425,0.959169269,2.140943005
0.1518,-174.1437084,-150.5712114,324.7149198,2.732086603,50.04078064,0.959180435,2.141123847
0.152,-191.030207,-132.189409,323.219616,2.706107374,50.04081696,0.959191597,2.141304668
0.1522,-207.1627967,-113.2859154,320.448712,2.681288005,50.04085322,0.959202756,2.14148547
0.1524,-222.4778094,-93.93533401,316.4131434,2.657726447,50.04088941,0.959213911,2.141666251
0.1526,-236.9148039,-74.21403279,311.1288367,2.635515686,50.04092554,0.959225063,2.141847013
0.1528,-250.4168039,-54.19984268,304.6166466,2.614743379,50.04096161,0.959236211,2.142027754
0.153,-262.9305232,-33.97175056,296.9022737,2.595491503,50.04099761,0.959247355,2.142208475
0.1532,-274.4065758,-13.60958746,288.0161633,2.577836037,50.04103354,0.959258496,2.142389175
0.1534,-284.799671,6.806286462,277.9933846,2.56184666,50.04106941,0.959269633,2.142569856
0.1536,-294.0687921,27.19529908,266.873493,2.547586474,50.04110521,0.959280766,2.142750516
0.1538,-302.1773579,47.47698428,254.7003736,2.535111757,50.04114095,0.959291896,2.142931156
0.154,-309.0933678,67.57129952,241.5220683,2.524471742,50.04117663,0.959303022,2.143111776
0.1542,-314.7895274,87.3989417,227.3905857,2.515708419,50.04121224,0.959314144,2.143292375
0.1544,-319.2433565,106.8816602,212.3616963,2.508856375,50.04124778,0.959325262,2.143472954
0.1546,-322.4372779,125.9425656,196.4947123,2.503942649,50.04128326,0.959336377,2.143653512
0.1548,-324.3586867,144.5064332,179.8522535,2.500986636,50.04131868,0.959347489,2.14383405
0.155,-325,162.5,162.5,2.5,50.04135403,0.959358596,2.144014568
0.1552,-324.3586867,179.8522535,144.5064332,2.500986636,50.04138931,0.9593697,2.144195065
0.1554,-322.4372779,196.4947123,125.9425656,2.503942649,50.04142453,0.9593808,2.144375542
0.1556,-319.2433565,212.3616963,106.8816602,2.508856375,50.04145968,0.959391897,2.144555998
0.1558,-314.7895274,227.3905857,87.3989417,2.515708419,50.04149477,0.95940299,2.144736434
0.156,-309.0933678,241.5220683,67.57129952,2.524471742,50.04152979,0.959414079,2.144916849
0.1562,-302.1773579,254.7003736,47.47698428,2.535111757,50.04156475,0.959425164,2.145097243
0.1564,-294.0687921,266.873493,27.19529908,2.547586474,50.04159964,0.959436246,2.145277617
0.1566,-284.799671,277.9933846,6.806286462,2.56184666,50.04163447,0.959447323,2.14545797
0.1568,-274.4065758,288.0161633,-13.60958746,2.577836037,50.04166923,0.959458398,2.145638303
0.157,-262.9305232,296.9022737,-33.97175056,2.595491503,50.04170392,0.959469468,2.145818615
0.1572,-250.4168039,304.6166466,-54.19984268,2.614743379,50.04173855,0.959480535,2.145998906
0.1574,-236.9148039,311.1288367,-74.21403279,2.635515686,50.04177311,0.959491598,2.146179176
0.1576,-222.4778094,316.4131434,-93.93533401,2.657726447,50.04180761,0.959502657,2.146359426
0.1578,-207.1627967,320.448712,-113.2859154,2.681288005,50.04184204,0.959513712,2.146539654
0.158,-191.030207,323.219616,-132.189409,2.706107374,50.0418764,0.959524764,2.146719862
0.1582,-174.1437084,324.7149198,-150.5712114,2.732086603,50.0419107,0.959535812,2.146900049
0.1584,-156.5699441,324.9287221,-168.358778,2.759123163,50.04194493,0.959546856,2.147080216
0.1586,-138.3782698,323.8601793,-185.4819095,2.787110354,50.0419791,0.959557897,2.147260361
0.1588,-119.6404796,321.5135082,-201.8730286,2.815937724,50.0420132,0.959568933,2.147440485
0.159,-100.4305232,317.8979702,-217.4674471,2.845491503,50.04204723,0.959579966,2.147620589
0.1592,-80.82421333,313.0278342,-232.2036209,2.875655056,50.0420812,0.959590995,2.147800671
0.1594,-60.89892724,306.9223203,-246.0233931,2.906309343,50.0421151,0.95960202,2.147980733
0.1596,-40.73330091,299.6055243,-258.8722234,2.937333383,50.04214893,0.959613042,2.148160773
0.1598,-20.40691885,291.1063221,-270.6994032,2.96860474,50.0421827,0.95962406,2.148340793
0.16,-6.37E-13,281.4582562,-281.4582562,3,50.0422164,0.959635073,2.148520791
0.1602,20.40691885,270.6994032,-291.1063221,3.03139526,50.04225003,0.959646084,2.148700768
0.1604,40.73330091,258.8722234,-299.6055243,3.062666617,50.0422836,0.95965709,2.148880724
0.1606,60.89892724,246.0233931,-306.9223203,3.093690657,50.0423171,0.959668092,2.149060659
0.1608,80.82421333,232.2036209,-313.0278342,3.124344944,50.04235053,0.959679091,2.149240573
0.161,100.4305232,217.4674471,-317.8979702,3.154508497,50.0423839,0.959690086,2.149420465
0.1612,119.6404796,201.8730286,-321.5135082,3.184062276,50.0424172,0.959701077,2.149600336
0.1614,138.3782698,185.4819095,-323.8601793,3.212889646,50.04245043,0.959712064,2.149780186
0.1616,156.5699441,168.358778,-324.9287221,3.240876837,50.04248359,0.959723047,2.149960015
0.1618,174.1437084,150.5712114,-324.7149198,3.267913397,50.04251669,0.959734027,2.150139822
0.162,191.030207,132.189409,-323.219616,3.293892626,50.04254972,0.959745003,2.150319608
0.1622,207.1627967,113.2859154,-320.448712,3.318711995,50.04258269,0.959755974,2.150499373
0.1624,222.4778094,93.93533401,-316.4131434,3.342273553,50.04261559,0.959766942,2.150679116
0.1626,236.9148039,74.21403279,-311.1288367,3.364484314,50.04264841,0.959777906,2.150858838
0.1628,250.4168039,54.19984268,-304.6166466,3.385256621,50.04268118,0.959788867,2.151038539
0.163,262.9305232,33.97175056,-296.9022737,3.404508497,50.04271387,0.959799823,2.151218218
0.1632,274.4065758,13.60958746,-288.0161633,3.422163963,50.0427465,0.959810776,2.151397875
0.1634,284.799671,-6.806286462,-277.9933846,3.43815334,50.04277906,0.959821724,2.151577511
0.1636,294.0687921,-27.19529908,-266.873493,3.452413526,50.04281155,0.959832669,2.151757125
0.1638,302.1773579,-47.47698428,-254.7003736,3.464888243,50.04284398,0.95984361,2.151936718
0.164,309.0933678,-67.57129952,-241.5220683,3.475528258,50.04287633,0.959854547,2.15211629
0.1642,314.7895274,-87.3989417,-227.3905857,3.484291581,50.04290862,0.95986548,2.152295839
0.1644,319.2433565,-106.8816602,-212.3616963,3.491143625,50.04294084,0.959876409,2.152475367
0.1646,322.4372779,-125.9425656,-196.4947123,3.496057351,50.042973,0.959887334,2.152654874
0.1648,324.3586867,-144.5064332,-179.8522535,3.499013364,50.04300508,0.959898256,2.152834358
0.165,325,-162.5,-162.5,3.5,50.0430371,0.959909173,2.153013821
0.1652,324.3586867,-179.8522535,-144.5064332,3.499013364,50.04306905,0.959920087,2.153193262
0.1654,322.4372779,-196.4947123,-125.9425656,3.496057351,50.04310093,0.959930997,2.153372682
0.1656,319.2433565,-212.3616963,-106.8816602,3.491143625,50.04313275,0.959941902,2.153552079
0.1658,314.7895274,-227.3905857,-87.3989417,3.484291581,50.04316449,0.959952804,2.153731455
0.166,309.0933678,-241.5220683,-67.57129952,3.475528258,50.04319617,0.959963702,2.153910809
0.1662,302.1773579,-254.7003736,-47.47698428,3.464888243,50.04322778,0.959974596,2.154090141
0.1664,294.0687921,-266.873493,-27.19529908,3.452413526,50.04325932,0.959985486,2.154269451
0.1666,284.799671,-277.9933846,-6.806286462,3.43815334,50.04329079,0.959996372,2.154448739
0.1668,274.4065758,-288.0161633,13.60958746,3.422163963,50.0433222,0.960007254,2.154628006
0.167,262.9305232,-296.9022737,33.97175056,3.404508497,50.04335354,0.960018133,2.15480725
0.1672,250.4168039,-304.6166466,54.19984268,3.385256621,50.0433848,0.960029007,2.154986472
0.1674,236.9148039,-311.1288367,74.21403279,3.364484314,50.043416,0.960039877,2.155165672
0.1676,222.4778094,-316.4131434,93.93533401,3.342273553,50.04344713,0.960050743,2.155344851
0.1678,207.1627967,-320.448712,113.2859154,3.318711995,50.04347819,0.960061606,2.155524007
0.168,191.030207,-323.219616,132.189409,3.293892626,50.04350919,0.960072464,2.155703141
0.1682,174.1437084,-324.7149198,150.5712114,3.267913397,50.04354011,0.960083318,2.155882253
0.1684,156.5699441,-324.9287221,168.358778,3.240876837,50.04357097,0.960094169,2.156061342
0.1686,138.3782698,-323.8601793,185.4819095,3.212889646,50.04360176,0.960105015,2.15624041
0.1688,119.6404796,-321.5135082,201.8730286,3.184062276,50.04363247,0.960115858,2.156419455
0.169,100.4305232,-317.8979702,217.4674471,3.154508497,50.04366312,0.960126696,2.156598479
0.1692,80.82421333,-313.0278342,232.2036209,3.124344944,50.0436937,0.960137531,2.156777479
0.1694,60.89892724,-306.9223203,246.0233931,3.093690657,50.04372421,0.960148361,2.156956458
0.1696,40.73330091,-299.6055243,258.8722234,3.062666617,50.04375466,0.960159187,2.157135414
0.1698,20.40691885,-291.1063221,270.6994032,3.03139526,50.04378503,0.96017001,2.157314348
0.17,-4.78E-13,-281.4582562,281.4582562,3,50.04381533,0.960180828,2.15749326
0.1702,-20.40691885,-270.6994032,291.1063221,2.96860474,50.04384557,0.960191643,2.157672149
0.1704,-40.73330091,-258.8722234,299.6055243,2.937333383,50.04387573,0.960202453,2.157851016
0.1706,-60.89892724,-246.0233931,306.9223203,2.906309343,50.04390583,0.960213259,2.15802986
0.1708,-80.82421333,-232.2036209,313.0278342,2.875655056,50.04393586,0.960224062,2.158208682
0.171,-100.4305232,-217.4674471,317.8979702,2.845491503,50.04396582,0.96023486,2.158387482
0.1712,-119.6404796,-201.8730286,321.5135082,2.815937724,50.0439957,0.960245654,2.158566258
0.1714,-138.3782698,-185.4819095,323.8601793,2.787110354,50.04402552,0.960256444,2.158745013
0.1716,-156.5699441,-168.358778,324.9287221,2.759123163,50.04405527,0.960267231,2.158923745
0.1718,-174.1437084,-150.5712114,324.7149198,2.732086603,50.04408495,0.960278013,2.159102454
0.172,-191.030207,-132.189409,323.219616,2.706107374,50.04411456,0.960288791,2.159281141
0.1722,-207.1627967,-113.2859154,320.448712,2.681288005,50.0441441,0.960299565,2.159459804
0.1724,-222.4778094,-93.93533401,316.4131434,2.657726447,50.04417357,0.960310335,2.159638446
0.1726,-236.9148039,-74.21403279,311.1288367,2.635515686,50.04420297,0.9603211,2.159817064
0.1728,-250.4168039,-54.19984268,304.6166466,2.614743379,50.0442323,0.960331862,2.15999566
0.173,-262.9305232,-33.97175056,296.9022737,2.595491503,50.04426157,0.96034262,2.160174234
0.1732,-274.4065758,-13.60958746,288.0161633,2.577836037,50.04429076,0.960353373,2.160352784
0.1734,-284.799671,6.806286462,277.9933846,2.56184666,50.04431988,0.960364123,2.160531312
0.1736,-294.0687921,27.19529908,266.873493,2.547586474,50.04434893,0.960374868,2.160709816
0.1738,-302.1773579,47.47698428,254.7003736,2.535111757,50.04437791,0.96038561,2.160888298
0.174,-309.0933678,67.57129952,241.5220683,2.524471742,50.04440682,0.960396347,2.161066757
0.1742,-314.7895274,87.3989417,227.3905857,2.515708419,50.04443566,0.96040708,2.161245194
0.1744,-319.2433565,106.8816602,212.3616963,2.508856375,50.04446443,0.960417809,2.161423607
0.1746,-322.4372779,125.9425656,196.4947123,2.503942649,50.04449314,0.960428534,2.161601997
0.1748,-324.3586867,144.5064332,179.8522535,2.500986636,50.04452177,0.960439255,2.161780365
0.175,-325,162.5,162.5,2.5,50.04455033,0.960449971,2.161958709
0.1752,-324.3586867,179.8522535,144.5064332,2.500986636,50.04457882,0.960460684,2.16213703
0.1754,-322.4372779,196.4947123,125.9425656,2.503942649,50.04460724,0.960471392,2.162315329
0.1756,-319.2433565,212.3616963,106.8816602,2.508856375,50.04463558,0.960482096,2.162493604
0.1758,-314.7895274,227.3905857,87.3989417,2.515708419,50.04466386,0.960492797,2.162671856
0.176,-309.0933678,241.5220683,67.57129952,2.524471742,50.04469207,0.960503493,2.162850085
0.1762,-302.1773579,254.7003736,47.47698428,2.535111757,50.04472021,0.960514184,2.163028291
0.1764,-294.0687921,266.873493,27.19529908,2.547586474,50.04474828,0.960524872,2.163206474
0.1766,-284.799671,277.9933846,6.806286462,2.56184666,50.04477627,0.960535556,2.163384633
0.1768,-274.4065758,288.0161633,-13.60958746,2.577836037,50.0448042,0.960546235,2.16356277
0.177,-262.9305232,296.9022737,-33.97175056,2.595491503,50.04483205,0.96055691,2.163740883
0.1772,-250.4168039,304.6166466,-54.19984268,2.614743379,50.04485984,0.960567581,2.163918973
0.1774,-236.9148039,311.1288367,-74.21403279,2.635515686,50.04488755,0.960578248,2.164097039
0.1776,-222.4778094,316.4131434,-93.93533401,2.657726447,50.04491519,0.960588911,2.164275082
0.1778,-207.1627967,320.448712,-113.2859154,2.681288005,50.04494276,0.960599569,2.164453102
0.178,-191.030207,323.219616,-132.189409,2.706107374,50.04497026,0.960610224,2.164631099
0.1782,-174.1437084,324.7149198,-150.5712114,2.732086603,50.04499769,0.960620874,2.164809072
0.1784,-156.5699441,324.9287221,-168.358778,2.759123163,50.04502505,0.96063152,2.164987021
0.1786,-138.3782698,323.8601793,-185.4819095,2.787110354,50.04505234,0.960642162,2.165164948
0.1788,-119.6404796,321.5135082,-201.8730286,2.815937724,50.04507955,0.960652799,2.16534285
0.179,-100.4305232,317.8979702,-217.4674471,2.845491503,50.0451067,0.960663432,2.16552073
0.1792,-80.82421333,313.0278342,-232.2036209,2.875655056,50.04513377,0.960674062,2.165698585
0.1794,-60.89892724,306.9223203,-246.0233931,2.906309343,50.04516077,0.960684686,2.165876417
0.1796,-40.73330091,299.6055243,-258.8722234,2.937333383,50.0451877,0.960695307,2.166054226
0.1798,-20.40691885,291.1063221,-270.6994032,2.96860474,50.04521456,0.960705924,2.166232011
0.18,1.59E-12,281.4582562,-281.4582562,3,50.04524135,0.960716536,2.166409772
0.1802,20.40691885,270.6994032,-291.1063221,3.03139526,50.04526807,0.960727144,2.16658751
0.1804,40.73330091,258.8722234,-299.6055243,3.062666617,50.04529471,0.960737748,2.166765224
0.1806,60.89892724,246.0233931,-306.9223203,3.093690657,50.04532129,0.960748347,2.166942914
0.1808,80.82421333,232.2036209,-313.0278342,3.124344944,50.04534779,0.960758943,2.167120581
0.181,100.4305232,217.4674471,-317.8979702,3.154508497,50.04537422,0.960769534,2.167298224
0.1812,119.6404796,201.8730286,-321.5135082,3.184062276,50.04540058,0.96078012,2.167475843
0.1814,138.3782698,185.4819095,-323.8601793,3.212889646,50.04542687,0.960790703,2.167653438
0.1816,156.5699441,168.358778,-324.9287221,3.240876837,50.04545308,0.960801281,2.16783101
0.1818,174.1437084,150.5712114,-324.7149198,3.267913397,50.04547923,0.960811855,2.168008557
0.182,191.030207,132.189409,-323.219616,3.293892626,50.0455053,0.960822425,2.168186081
0.1822,207.1627967,113.2859154,-320.448712,3.318711995,50.0455313,0.960832991,2.168363581
0.1824,222.4778094,93.93533401,-316.4131434,3.342273553,50.04555723,0.960843552,2.168541056
0.1826,236.9148039,74.21403279,-311.1288367,3.364484314,50.04558308,0.960854109,2.168718508
0.1828,250.4168039,54.19984268,-304.6166466,3.385256621,50.04560887,0.960864661,2.168895936
0.183,262.9305232,33.97175056,-296.9022737,3.404508497,50.04563458,0.96087521,2.16907334
0.1832,274.4065758,13.60958746,-288.0161633,3.422163963,50.04566022,0.960885754,2.16925072
0.1834,284.799671,-6.806286462,-277.9933846,3.43815334,50.04568579,0.960896293,2.169428076
0.1836,294.0687921,-27.19529908,-266.873493,3.452413526,50.04571128,0.960906829,2.169605408
0.1838,302.1773579,-47.47698428,-254.7003736,3.464888243,50.04573671,0.96091736,2.169782716
0.184,309.0933678,-67.57129952,-241.5220683,3.475528258,50.04576206,0.960927887,2.169959999
0.1842,314.7895274,-87.3989417,-227.3905857,3.484291581,50.04578734,0.960938409,2.170137258
0.1844,319.2433565,-106.8816602,-212.3616963,3.491143625,50.04581254,0.960948928,2.170314494
0.1846,322.4372779,-125.9425656,-196.4947123,3.496057351,50.04583768,0.960959442,2.170491705
0.1848,324.3586867,-144.5064332,-179.8522535,3.499013364,50.04586274,0.960969951,2.170668891
0.185,325,-162.5,-162.5,3.5,50.04588773,0.960980456,2.170846054
0.1852,324.3586867,-179.8522535,-144.5064332,3.499013364,50.04591265,0.960990957,2.171023192
0.1854,322.4372779,-196.4947123,-125.9425656,3.496057351,50.04593749,0.961001454,2.171200306
0.1856,319.2433565,-212.3616963,-106.8816602,3.491143625,50.04596227,0.961011946,2.171377396
0.1858,314.7895274,-227.3905857,-87.3989417,3.484291581,50.04598697,0.961022434,2.171554461
0.186,309.0933678,-241.5220683,-67.57129952,3.475528258,50.04601159,0.961032917,2.171731502
0.1862,302.1773579,-254.7003736,-47.47698428,3.464888243,50.04603615,0.961043397,2.171908518
0.1864,294.0687921,-266.873493,-27.19529908,3.452413526,50.04606063,0.961053871,2.17208551
0.1866,284.799671,-277.9933846,-6.806286462,3.43815334,50.04608504,0.961064342,2.172262478
0.1868,274.4065758,-288.0161633,13.60958746,3.422163963,50.04610937,0.961074808,2.172439421
0.187,262.9305232,-296.9022737,33.97175056,3.404508497,50.04613364,0.96108527,2.172616339
0.1872,250.4168039,-304.6166466,54.19984268,3.385256621,50.04615783,0.961095727,2.172793234
0.1874,236.9148039,-311.1288367,74.21403279,3.364484314,50.04618195,0.96110618,2.172970103
0.1876,222.4778094,-316.4131434,93.93533401,3.342273553,50.04620599,0.961116628,2.173146948
0.1878,207.1627967,-320.448712,113.2859154,3.318711995,50.04622996,0.961127073,2.173323768
0.188,191.030207,-323.219616,132.189409,3.293892626,50.04625386,0.961137512,2.173500564
0.1882,174.1437084,-324.7149198,150.5712114,3.267913397,50.04627769,0.961147948,2.173677335
0.1884,156.5699441,-324.9287221,168.358778,3.240876837,50.04630144,0.961158379,2.173854081
0.1886,138.3782698,-323.8601793,185.4819095,3.212889646,50.04632512,0.961168805,2.174030803
0.1888,119.6404796,-321.5135082,201.8730286,3.184062276,50.04634872,0.961179227,2.1742075
0.189,100.4305232,-317.8979702,217.4674471,3.154508497,50.04637226,0.961189645,2.174384172
0.1892,80.82421333,-313.0278342,232.2036209,3.124344944,50.04639572,0.961200058,2.174560819
0.1894,60.89892724,-306.9223203,246.0233931,3.093690657,50.0464191,0.961210467,2.174737442
0.1896,40.73330091,-299.6055243,258.8722234,3.062666617,50.04644242,0.961220872,2.174914039
0.1898,20.40691885,-291.1063221,270.6994032,3.03139526,50.04646566,0.961231272,2.175090612
0.19,-3.98E-13,-281.4582562,281.4582562,3,50.04648882,0.961241668,2.17526716
0.1902,-20.40691885,-270.6994032,291.1063221,2.96860474,50.04651192,0.961252059,2.175443683
0.1904,-40.73330091,-258.8722234,299.6055243,2.937333383,50.04653494,0.961262445,2.175620181
0.1906,-60.89892724,-246.0233931,306.9223203,2.906309343,50.04655788,0.961272828,2.175796654
0.1908,-80.82421333,-232.2036209,313.0278342,2.875655056,50.04658076,0.961283206,2.175973103
0.191,-100.4305232,-217.4674471,317.8979702,2.845491503,50.04660356,0.961293579,2.176149526
0.1912,-119.6404796,-201.8730286,321.5135082,2.815937724,50.04662628,0.961303948,2.176325924
0.1914,-138.3782698,-185.4819095,323.8601793,2.787110354,50.04664893,0.961314312,2.176502297
0.1916,-156.5699441,-168.358778,324.9287221,2.759123163,50.04667151,0.961324672,2.176678645
0.1918,-174.1437084,-150.5712114,324.7149198,2.732086603,50.04669402,0.961335028,2.176854968
0.192,-191.030207,-132.189409,323.219616,2.706107374,50.04671645,0.961345379,2.177031265
0.1922,-207.1627967,-113.2859154,320.448712,2.681288005,50.0467388,0.961355726,2.177207538
0.1924,-222.4778094,-93.93533401,316.4131434,2.657726447,50.04676109,0.961366068,2.177383785
0.1926,-236.9148039,-74.21403279,311.1288367,2.635515686,50.0467833,0.961376405,2.177560008
0.1928,-250.4168039,-54.19984268,304.6166466,2.614743379,50.04680543,0.961386738,2.177736204
0.193,-262.9305232,-33.97175056,296.9022737,2.595491503,50.04682749,0.961397067,2.177912376
0.1932,-274.4065758,-13.60958746,288.0161633,2.577836037,50.04684948,0.961407391,2.178088522
0.1934,-284.799671,6.806286462,277.9933846,2.56184666,50.0468714,0.961417711,2.178264644
0.1936,-294.0687921,27.19529908,266.873493,2.547586474,50.04689324,0.961428026,2.178440739
0.1938,-302.1773579,47.47698428,254.7003736,2.535111757,50.046915,0.961438336,2.17861681
0.194,-309.0933678,67.57129952,241.5220683,2.524471742,50.04693669,0.961448643,2.178792855
0.1942,-314.7895274,87.3989417,227.3905857,2.515708419,50.04695831,0.961458944,2.178968874
0.1944,-319.2433565,106.8816602,212.3616963,2.508856375,50.04697985,0.961469241,2.179144868
0.1946,-322.4372779,125.9425656,196.4947123,2.503942649,50.04700132,0.961479534,2.179320837
0.1948,-324.3586867,144.5064332,179.8522535,2.500986636,50.04702272,0.961489822,2.17949678
0.195,-325,162.5,162.5,2.5,50.04704404,0.961500105,2.179672698
0.1952,-324.3586867,179.8522535,144.5064332,2.500986636,50.04706528,0.961510384,2.17984859
0.1954,-322.4372779,196.4947123,125.9425656,2.503942649,50.04708646,0.961520658,2.180024457
0.1956,-319.2433565,212.3616963,106.8816602,2.508856375,50.04710755,0.961530928,2.180200298
0.1958,-314.7895274,227.3905857,87.3989417,2.515708419,50.04712858,0.961541193,2.180376113
0.196,-309.0933678,241.5220683,67.57129952,2.524471742,50.04714953,0.961551454,2.180551903
0.1962,-302.1773579,254.7003736,47.47698428,2.535111757,50.0471704,0.96156171,2.180727667
0.1964,-294.0687921,266.873493,27.19529908,2.547586474,50.0471912,0.961571962,2.180903405
0.1966,-284.799671,277.9933846,6.806286462,2.56184666,50.04721193,0.961582209,2.181079118
0.1968,-274.4065758,288.0161633,-13.60958746,2.577836037,50.04723258,0.961592451,2.181254805
0.197,-262.9305232,296.9022737,-33.97175056,2.595491503,50.04725315,0.961602689,2.181430466
0.1972,-250.4168039,304.6166466,-54.19984268,2.614743379,50.04727366,0.961612922,2.181606102
0.1974,-236.9148039,311.1288367,-74.21403279,2.635515686,50.04729408,0.961623151,2.181781711
0.1976,-222.4778094,316.4131434,-93.93533401,2.657726447,50.04731443,0.961633375,2.181957295
0.1978,-207.1627967,320.448712,-113.2859154,2.681288005,50.04733471,0.961643595,2.182132853
0.198,-191.030207,323.219616,-132.189409,2.706107374,50.04735492,0.96165381,2.182308385
0.1982,-174.1437084,324.7149198,-150.5712114,2.732086603,50.04737504,0.96166402,2.182483891
0.1984,-156.5699441,324.9287221,-168.358778,2.759123163,50.0473951,0.961674226,2.182659371
0.1986,-138.3782698,323.8601793,-185.4819095,2.787110354,50.04741508,0.961684427,2.182834826
0.1988,-119.6404796,321.5135082,-201.8730286,2.815937724,50.04743498,0.961694623,2.183010254
0.199,-100.4305232,317.8979702,-217.4674471,2.845491503,50.04745481,0.961704815,2.183185656
0.1992,-80.82421333,313.0278342,-232.2036209,2.875655056,50.04747456,0.961715002,2.183361032
0.1994,-60.89892724,306.9223203,-246.0233931,2.906309343,50.04749424,0.961725185,2.183536383
0.1996,-40.73330091,299.6055243,-258.8722234,2.937333383,50.04751384,0.961735363,2.183711707
0.1998,-20.40691885,291.1063221,-270.6994032,2.96860474,50.04753337,0.961745536,2.183887005
